Název;E-mail;Telefon
"1. Reality CZ";stursaales@seznam.cz;"777 770 489"
"108 REAL ESTATE a.s.";info@108realestate.cz;"+420 222 211 464"
"11 solution bp s.r.o.";jitka@11solutionbp.cz;"775 642 725"
"1JMREALITY - Jan Maroušek";marousek@1jmreality.cz;283891841
"ABA REAL s.r.o.";info@abareal.cz;"775 436 436"
"ABAKUS realitní kancelář Plzeň";reality@abakus-plzen.cz;"377 235 806"
"Abbey s.r.o.";abbey@commco.cz;"224 317 970"
"AD 4 development s.r.o.";info@bytymoskevska.cz;
"AD reality CB s.r.o.";info@ad-reality.cz;"+420 386 351 149"
"Adam Fanta - Fanta Estate Group";fanta@fegroup.cz;
"Adomus - reality jinak";info@adomus.cz;"800 707 707"
"ADRAS REALITY s.r.o.";nemovitostiol1@gmail.com;"608 603 010"
"AGENA Reality s.r.o.";agena@agenareality.cz;"777 723 951"
"Agentura Quick Service s.r.o.";quickservice@centrum.cz;"+420 604 913 738"
"AGENTURA ZVONEK";agentura@zvonek.cz;"577 200 100"
"AGENTURA ZVONEK Bystřice pod Hostýnem";;
"AGENTURA ZVONEK Otrokovice";;
"AGENTURA ZVONEK sídlo firmy Zlín";agentura@zvonek.cz;"577 200 100, 577 212 454"
"AGENTURA ZVONEK Uherský Brod";;"572 556 900"
"AGENTURA ZVONEK Vsetín";agentura@zvonek.cz;"577 200 100"
"AGENTURA ZVONEK Zlín";;"577 214 180"
"AKRO REALITY, s.r.o.";info@akroreality.com;"604 739 750"
"Akropolis reality s.r.o.";reality@akropolisreality.cz;"224 919 013"
Aktivreality;info@aktivreality.cz;"777 301 802"
"Aktuální Reality";aktualnireality@seznam.cz;"602 851 836"
Alante;rovny@alante.cz;"777 822 977"
"ALBION REALITY s.r.o.";info@albionreality.cz;"221 620 221"
"Alena Picková";apickova@seznam.cz;"774 608 036"
"Alfa Estate";alfaestate@alfaestate.cz;"603 382 392"
"ALLE reality&amp;development s.r.o.";marcela.janickova@alle.cz;"792 301 188"
"ALVA REAL s.r.o.";info@alvareal.cz;"543 217 040"
Alvereality;nemovitosti@alvereality.cz;"724 764 889"
"AMADIA Invest s.r.o.";info@amadia.cz;"245 006 452"
"AMBIENTEN VIP s.r.o.";info@ambienten.cz;"+420 733 525 123"
"AMBRA REAL group s.r.o.";info@ambrareal.cz;601 307 905
"Anna Černá Reality";info@annacerna.cz;"608 666 968"
"APALUCHA REALITY";info@apalucha-reality.cz;"+420 606 953 000"
"ARCH, spol. s r.o.";arch-liberec@volny.cz;"+420 604 201 487"
"Areality Vysočina s.r.o.";info@arealityvysocina.cz;"774 787 710"
"ARLIAN s.r.o.";arlian.rk@seznam.cz;"777 475 475"
"ARTOSS realitní kancelář, s.r.o.";brno@artossreality.cz;"725 885 110"
"Asental Land, s.r.o.";pavol.parikrupa@asental.eu;"725 588 122"
"Aspekt reality s.r.o.";info@aspektreality.cz;"734 373 583"
"ASSET REALITY";info@assetreality.cz;"773 477 477"
"ASTONE Reality";astonereality@seznam.cz;"608 333 876"
"At Home Prague";prague@athome-prague.cz;"725 713 114"
"Atlas Tábor - Vendula Kümmelová";info@atlastabor.cz;"777 965 985"
"ATRIM,spol. s r.o.";atrim@atrim.cz;
"Ausburher Reality";reality@ausburher.cz;"608 169 038"
"AVANZA s.r.o.";zuzana.fillova@avanza.cz;"608 880 399"
"AVILAS reality s.r.o.";sandera.reality@seznam.cz;"775 605 695"
"AvrioReal, s.r.o.";info@avrioreal.cz;"734 411 160"
"AZET reality";bkapca@azetreality.cz;"608 351 335"
"AZURO reality - Lenka Zapletalová";lenka.zapletalova@azuroreality.cz;
"Bařinka &amp; Partners s.r.o.";info@barinkapetr.cz;"774 654 655"
"Bc. Jaroslav Boucník - ESA Reality";boucnik@esareality.cz;"+420 605 405 405"
"Bc. Mgr. Soňa Cábová Reality";sona-reality@seznam.cz;
"Bc. Šimon Jelínek - realitní makléř";info@simon-jelinek.cz;"608 606 197"
"BD Reality CB s.r.o.";bryxova@bdreality.cz;"724 300 767"
"BD Reality s.r.o.";divisova@bdreality.cz;"602 174 000"
"BETÁK REALITY s.r.o.";info@betak-reality.cz;"777 946 898"
"Bezva RK s.r.o.";info@bezvark.cz;"+420 606 728 453‬"
"BHJV spol. s r.o.";bhjvrk@gmail.com;"724 209 388"
"Bidli reality, a.s.";info@bidli.cz;"774 110 007"
"Birdhouse Reality";sykora@birdhousereality.cz;"+420 702 251 720"
"BLANÍK REALITY s.r.o.";papirnik@blanikreality.cz;"221 503 381-3"
"Blueground Prague";sales-prg@theblueground.cz;"+420 608 840 540"
"BO! reality a finance s.r.o.";info@boreality.cz;"725 80 80 80"
"Bohemia servis spol. s r. o.";info@bohemiaservis.com;"724 075 838"
"Bohemian Estates International s. r. o.";info@bohemianestates.com;"+420 222 222 500"
"bohumilkubec.cz s.r.o.";reality@bohumilkubec.cz;"+420 605 555 763"
"Bora Real Estate";b.ticha@centrum.cz;"+420 602 106 515"
"Brandwijk &amp; Partners s.r.o.";rprogres.makler@seznam.cz;"732 922 700"
"BRAVIS REALITY s.r.o.";bravis@bravis.cz;"542 211 598"
"BrnoReal s.r.o.";info@brnoreal.cz;"+420 777 338 203"
"Broker Consulting, a.s.";realityspolu@bcas.cz;
"BRONDZ invest s.r.o.";info@brondz.com;"774 151 081"
"BULLDOG Reality";info@bulldog-reality.cz;"725 293 177"
"BUSINESS SERVICE, s.r.o.";pranevsky@aktivamanagement.cz;"608 027 087"
"BVK s.r.o.";info@dumpodvysehradem.cz;"724 10 55 55"
"BVN Interactive s.r.o. - Arezidence";info@arezidence.com;"+420 704 969 666"
"Bydlení AJA s.r.o.";info@bydleniaja.cz;"735 046 046"
"ByrFin Group, s.r.o.";marek.byrtus@byrfin.cz;"736 461 867"
"ByrFin Real Estate, s.r.o.";realestate@byrfin.cz;"736 461 867"
"Bytečky s.r.o.";bytecky@bytecky.info;"603 420 218"
"Bárta reality";daniel@bartareality.cz;
"Böhmová Reality";info@bohmovareality.cz;"+420 608 970 334"
"Carlsbad Investment s.r.o.";carlsbadreality@seznam.cz;"608 211 288"
"CENTRAL GROUP a.s.";info@central-group.cz;"226 222 222"
"CENTURY 21";info@century21.cz;"272 651 480"
"CENTURY 21 3D Reality";vasrealitnipartner@century21.cz;
"CENTURY 21 4 best living";;
"CENTURY 21 4fin Brno (Křenová)";info.reality@4fin.cz;"226 256 126"
"CENTURY 21 4fin Karlovy Vary";info.reality@4fin.cz;"226 256 126"
"CENTURY 21 4fin Liberec";info.reality@4fin.cz;"226 256 126"
"CENTURY 21 4fin Praha (Centrála)";info.reality@4fin.cz;"226 256 126"
"CENTURY 21 4fin Praha (Ke Štvanici 656/3)";info.reality@4fin.cz;"226 256 126"
"CENTURY 21 4fin Reality Praha, Opletalova";info.reality@4fin.cz;"+420 226 256 126"
"CENTURY 21 4fin Reality Teplice";info.reality@4fin.cz;"+420 226 256 126"
"CENTURY 21 4Fin Reality Teplice";info.reality@4fin.cz;"226 256 126"
"CENTURY 21 4fin Reality Tábor";info.reality@4fin.cz;"+420 226 256 126"
"CENTURY 21 4Plus";robert.muller@4fin.cz;
"CENTURY 21 Alex";alex@century21.cz;
"CENTURY 21 All Inclusive";allinclusive@century21.cz;
"CENTURY 21 Birdie Reality";asiyat.kalusova@century21.cz;
"CENTURY 21 Bonus Brno";bonusbrno@century21.cz;"538 728 645"
"CENTURY 21 Corleon";marek.cihak@century21.cz;
"CENTURY 21 CV Real";michaela.vesela@century21.cz;
"CENTURY 21 Dream";dreampraha@century21.cz;
"CENTURY 21 Dream – Kontaktní místo Brno";dream@century21.cz;
"CENTURY 21 Elite Reality";elitereality@century21.cz;
"CENTURY 21 Facon Reality";faconreality@century21.cz;"605 269 768"
"CENTURY 21 FairTrade";fairtrade@century21.cz;
"CENTURY 21 General";general@century21.cz;
"CENTURY 21 Happy Investment";vitezslava.fenclova@century21.cz;
"CENTURY 21 Harmony";marek.cihak@century21.cz;
"Century 21 Humanity";humanity@century21.cz;
"CENTURY 21 Imagine Housing";;
"CENTURY 21 Indigo Reality";;"226 259 488"
"CENTURY 21 Kobler Reality";koblerreality@century21.cz;"739 670 741"
"Century 21 Lofty Kolbenova";loftykolbenova@century21.cz;"226 522 522"
"CENTURY 21 OK Centrum";okcentrum@century21.cz;
"CENTURY 21 Partner Liberec";partner.liberec@century21.cz;
"CENTURY 21 Premium";premium@century21.cz;
"CENTURY 21 Real Tip";realtip@century21.cz;"702 267 050"
"CENTURY 21 Realitas Central";realitascentral@century21.cz;"608 666 555"
"Century 21 Realitas Central - Kontaktní místo Lužiny";realitascentral-luziny@century21.cz;"776 555 000"
"CENTURY 21 Reality4life";diana.holanova@century21.cz;
"CENTURY 21 Relax";relax@century21.cz;
"CENTURY 21 RN Real";rnreal@century21.cz;
"CENTURY 21 Ruby";ruby@century21.cz;"246 090 246"
"CENTURY 21 Sea Side";seaside@century21.cz;"+420 608 111 333"
"Century 21 Synergy";synergy@century21.cz;
"CENTURY 21 Tandem";tandem@century21.cz;"224 267 544"
"CENTURY 21 The Most Reality";;"226 256 126"
"CENTURY 21 Vaše Reality";vasereality@century21.cz;
"CENTURY 21 Victory";victory@century21.cz;
"CENTURY 21 Villa 4Human";;
"City Estates s.r.o.";info@cityestates.cz;"608 265 499"
"CM reality";foretek@cmreality.cz;"777 619 939"
"Comfort reality CZ s.r.o.";migdal@comfort-reality.cz;"596 915 420"
"COMPACT PRAGUE";info@compactprague.cz;
"Complete Consulting s.r.o.";;"800 100 164"
"Confin Development";vlcek@confin-development.cz;"608 001 475"
"Connecte DEVELOPMENT s.r.o.";development@connecte.cz;221343350
"Connecte REALITY s.r.o.";reality@connecte.cz;"+420 221 343 345"
"CONTENT REALITY s.r.o.";macura@contentreality.cz;"272 142 234"
Creatiway;info@creatiway.cz;
"CREDITAS Real Estate Management s.r.o.";info@creditasre.cz;"+420 702 216 216"
"CV reality and development, s.r.o.";info@cv-real.cz;"739 208 592"
"CZ - Real  ARISUM s.r.o.";vaic@arisum.cz;"602 439 828"
"Czech Top Estates s.r.o.";antonin.gold.reality@gmail.com;"775 999 971"
"DACHI - realitní kancelář";dachi@dachi.cz;"+420 736 532 201"
"Dagmar Šubrtová Hájková - Středočeské makléřky";subrtova@stredoceskemaklerky.cz;"734 222 822"
"Dalphen Investment s.r.o.";info@dalphen.cz;"596 112 905"
"Dana Beranová - REALITNÍ A DRAŽEBNÍ SPOLEČNOST MOZAIKA";info@reality-mozaika.cz;"606 631 877"
"Dana Klačánková";klacanek.d@seznam.cz;
"Daniela Zelenková Reality";reality@danielazelenkova.cz;"+420 601 348 562"
"David Holub - BRAVO reality";holub@bravoreality.cz;"605 931 999"
"Deckart reality s.r.o.";reality@deckart.cz;"+420 417 534 851"
"DEFIRE spol. s r.o.";info@defire.cz;"222 231 002"
"DEHAS Investment s.r.o.";drajer@dehas.cz;"724 999 859"
"Depositum Reality";info@depositumreality.cz;"735 003 333"
DHreality;radek.slemar@seznam.cz;"733 721 227"
"Dialog Reality";info@dialogreality.cz;"533 432 618"
"Directreal SPOLU";;"+420 736 414 564"
"DMP reality s.r.o.";info@dmpreality.cz;"602 155 505"
"Domenis real s.r.o.";info@domenis.cz;"720 530 133"
"Domov - realitní společnost s.r.o.";info@domov-beroun.cz;"311 623 447"
"DONETTA s.r.o., realitní kancelář";donetta@donetta.cz;"495 530 060"
"Donova Projekt IX s.r.o.";info@donova.cz;"+420 734 200 479"
"Dr. Dana Maria Staňková";dm@dana-maria.cz;"+420 723 205 555"
"Dražební společnost MORAVA s.r.o.";draspomorava@draspomorava.cz;"577 011 415"
"DRFG Home s.r.o.";home@drfg.cz;"602 055 555"
"DRRS s.r.o.";raus@davidraus.cz;"777 593 888"
"DSRED LTD realitní kancelář";info@dsred.cz;"702 057 073"
Dumrealit.cz;sekretariat@dumrealit.cz;"734 222 111"
"Duna House";michelska@dunahouse.cz;"222 362 433"
"EBM Group";prodej@ebmgroup.cz;"603 190 703"
"EDEN reality";info@edenreality.cz;"720 380 385"
"eDO reality, s.r.o.";info@edoreality.cz;
"Edox reality s.r.o.";info@edoxreality.cz;"222 746 192"
"EICHNER s.r.o.";office@eichner.cz;"+420 602 456 570"
"EL-WEST REALITY - Staněk";info@elwestreality.cz;"723 057 288"
"Eleni Zrnečková Vaníčková - Elenireality";elenireality@seznam.cz;"725 686 816"
"ELSIMA REALITY s.r.o.";;"800 100 164"
"ENERGON reality, s.r.o.";reality@energon.cz;"318 522 722"
"ENGEL &amp; VÖLKERS";PragueAndel@engelvoelkers.com;"233 091 011"
"ERA ALKA Reality";eraalka@era-reality.cz;"223 330 060"
"ERA For Live";jana.spackova@era-reality.cz;"777 711 653"
"ERA Inspirace";erainspirace@era-reality.cz;"724 537 935"
"ERA Invest";erainvest@era-reality.cz;"777 748 626"
"ERA ONE";michal.kutzendorfer@era-reality.cz;"777 985 898"
"ERA Professional";eraprofessional@era-reality.cz;"774 201 997"
"ERA Real Estate";info@era-reality.cz;"722 22 00 22"
"ERA REALITY";info@era-reality.cz;"722 22 00 22"
"ERA RealPatria";erarealpatria@era-reality.cz;"739 628 779"
"ERA Sever";erasever@era-reality.cz;"475 211 610"
"ERS reality eu s.r.o.";info@ersreality.cz;"608 612 312"
"EU - Grand REALITY s.r.o.";eva.jakoubkova@vdfreality.cz;"739 258 065"
"EURO REAL - BOHEMIA s.r.o.";kancelar@euroreal.cz;"+420 603 729 337"
"Euro Reality ML s.r.o.";jozovama@seznam.cz;"793 987 434"
"Euro Reality Plzeň s.r.o.";info@euroreality.net;"733 781 690"
"eurobuilding investment";prodej@ebipraha.cz;"+420 222 514 510"
"EUROBYTY - realitní společnost s.r.o.";info@eurobyty.cz;"775 771 051"
Eurodražby.CZ;info@eurodrazby.cz;"234 769 000"
"EVROPA realitní kancelář BLANSKO";;"604 267 855"
"EVROPA realitní kancelář BRNO";brnomesto@rkevropa.cz;"704 595 825"
"EVROPA realitní kancelář Centrála";podpora@rkevropa.cz;"734 525 525"
"EVROPA realitní kancelář CHOMUTOV";chomutov@rkevropa.cz;
"EVROPA realitní kancelář DĚČÍN";decin@rkevropa.cz;
"EVROPA realitní kancelář FRÝDLANT NAD OSTRAVICÍ";frydlant@rkevropa.cz;"724 136 753"
"EVROPA realitní kancelář HAVLÍČKŮV BROD";;
"EVROPA realitní kancelář HRADEC KRÁLOVÉ";hradec@rkevropa.cz;"495 214 574"
"EVROPA realitní kancelář JIČÍN";jicin@rkevropa.cz;
"EVROPA realitní kancelář KADAŇ";kadan@rkevropa.cz;"+420 774 860 097"
"EVROPA realitní kancelář KOLÍN";kolin@rkevropa.cz;
"EVROPA realitní kancelář LIBEREC";liberec@rkevropa.cz;"485 113 322"
"EVROPA realitní kancelář OLOMOUC";;
"EVROPA realitní kancelář OSTRAVA";ostrava@rkevropa.cz;"603 233 287"
"EVROPA realitní kancelář PARDUBICE";pardubice@rkevropa.cz;"466 688 888"
"EVROPA realitní kancelář PARDUBICE - MĚSTO";pardubice.m@rkevropa.cz;"+420 773 530 310"
"EVROPA realitní kancelář PODOLÍ";petr.bach@rkevropa.cz;
"EVROPA realitní kancelář PRAHA - CHODOV";chodov@rkevropa.cz;
"EVROPA realitní kancelář PRAHA - MALÝ ŽIŽKOV";;
"EVROPA realitní kancelář PRAHA 1";info@rkevropa.cz;"224 422 555"
"EVROPA realitní kancelář PRAHA 5 - ZBRASLAV";;
"EVROPA realitní kancelář PRAHA 8 - LIBEŇ";liben@rkevropa.cz;
"EVROPA realitní kancelář PRAHA 9 - PROSEK";;
"EVROPA realitní kancelář PROSTĚJOV";prostejov@rkevropa.cz;
"EVROPA realitní kancelář PV PROPERTY";pvproperty@rkevropa.cz;"733 554 266"
"EVROPA realitní kancelář PÍSEK";pisek@rkevropa.cz;
"EVROPA realitní kancelář RYCHNOV NAD KNĚŽNOU";;
"EVROPA realitní kancelář TEPLICE";;
"EVROPA realitní kancelář VRCHLABÍ";spindl@rkevropa.cz;"737 767 767"
"EVROPA realitní kancelář VYŠKOV";vyskov@rkevropa.cz;"+420 605 247 968"
"EVROPA realitní kancelář ZLÍN";zlin@rkevropa.cz;"+420 731 875 022"
"EVROPA realitní kancelář ZLÍN";zlin@rkevropa.cz;
"EVROPA realitní kancelář ZNOJMO";znojmo@rkevropa.cz;"724 128 859"
"EVROPA realitní kancelář ÚSTÍ NAD LABEM";dana.susterova@rkevropa.cz;"+420 777 813 857"
"EVROPA realitní kancelář ČESKÁ KAMENICE";;
"EVROPA realitní kancelář ČESKÁ LÍPA";ceskalipa@rkevropa.cz;"725 753 735"
"EVROPA realitní kancelář ČESKÝ BROD";ceskybrod@rkevropa.cz;"777 367 367"
"EXAFIN one, s.r.o.";info@exafin.cz;"224 931 617"
"exdrazby.cz JURIS REAL Dražby, a. s.";dotazy@exdrazby.cz;"774 740 636"
"EXPLICIT REALITY, s.r.o.";info@explicitreality.cz;"773 022 220"
"FabaX s.r.o.";info@fabax.cz;"777 664 009"
"Fan reality";info@fanreality.cz;"777 596 856"
"Fidox, s. r. o.";info@fidox.com;"376 310 311"
"FIEDLER REALITY s.r.o.";info@fiedlerreality.cz;"604 215 282"
"Fin2Be, s.r.o.";fin2be@seznam.cz;"+420 725 526 500"
"Finance &amp; Reality Lorenc";info@financelorenc.cz;"724 440 463"
"FINEO BYDLENÍ, spol.s.r.o.";info@fineobydleni.cz;"234 095 750"
"Finosa Reality Chomutov";chomutov@finosa.com;"606 685 590"
"Finpos realitní Benešov";centrala@rkfinpos.cz;"777 423 111"
"Finpos realitní kancelář Brno";tomas.defeld@rkfinpos.cz;"728 834 727"
"Finpos realitní kancelář Brno - Přízřenice";tomas.defeld@rkfinpos.cz;"728 834 727"
"Finpos realitní kancelář Jihlava";;
"Finpos realitní kancelář Mělník";ivana.tremlova@rkfinpos.cz;"773 098 833"
"Finpos realitní kancelář Pacov";frantisek.smetana@finpos.cz;"731 414 652"
"Finpos realitní kancelář Plzeň";frantisek.bouda@rkfinpos.cz;"602 624 720"
"Finpos realitní kancelář Plzeň";petra.prochazkova@finpos.cz;"724 203 993"
"Finpos realitní kancelář Praha";info@rkfinpos.cz;"724 900 159"
"Finpos realitní kancelář Tábor";jaroslav.strelka@rkfinpos.cz;"608 527 189"
"Finpos realitní kancelář Vlašim";ales.doubek@rkfinpos.cz;"774 510 093"
"FIOREAL s.r.o.";filip.ondrus@fioreal.cz;"+420 604 791 259"
"FIRE Reality s.r.o.";lukas.polak@investujdopole.cz;
"Fišer &amp; Partners s.r.o.";info@fiserpartners.cz;"775 000 002"
"FM Design s.r.o.";realityspolu@bcas.cz;
"fondrealit.cz s.r.o.";info@fondrealit.cz;"380 405 390"
"Foreka s.r.o.";reality@foreka.cz;"495 534 788"
"FORTUNAE s.r.o.";info@fortunae.cz;"+420 495 516 162"
"FRAMI REAL";framireal@framireal.cz;"725 888 897"
"František Havíř - AZbyt.cz";havir@frantisek-havir.cz;"777 777 776"
"František Novotný";jsem@tvujmakler.cz;"608 336 976"
"freenest s.r.o.";halamka@freenest.cz;"606 456 032"
"FRYDMAR reality s.r.o.";simackova@frydmar-reality.cz;"773 629 011"
"Frydrych reality";jakub@frydrych-reality.cz;
"Gabriela Kovářová";kovarovareality@email.cz;"605 112 373"
"GARTAL Management a.s.";info@gartal.cz;"840 400 440"
"GAUDÍ, s.r.o.";info@gaudi.cz;"224 229 944"
"GAUTE, a.s.";gaute@gaute.cz;"541 213 390"
"GAVLAS - aukční a realitní společnost";praha@gavlas.cz;"+420 221 666 666"
"GAVLAS - aukční a realitní společnost, pob. Brno";brno@gavlas.cz;"+420 532 162 666"
"GAVLAS - aukční a realitní společnost, pob. Praha";praha@gavlas.cz;"+420 221 666 666"
"GEBAS Reality";info@gebas-reality.cz;"773 557 042"
"GENERA s.r.o.";info@genera.cz;"+420 774 133 244"
"Genio reality s.r.o.";info@genioreality.cz;
"GEOSAN DEVELOPMENT s.r.o.";baloun@geosan-development.cz;"222 232 810"
"GEPARD REALITY";info@gpre.cz;"734 645 243"
"GEPARD REALITY/AB Domus";jana.studena@gpre.cz;"739 500 590"
"GEPARD REALITY/Absoluta Real";absoluta@gpre.cz;"267 314 470"
"GEPARD REALITY/BOARS";boars@gpre.cz;"386 352 295"
"GEPARD REALITY/Dream nemovitosti";dream@gpre.cz;"777 571 320"
"GEPARD REALITY/ILIĆ REALITY";ilicreality@gpre.cz;"777 022 295"
"GEPARD REALITY/Kuba’s Eleven";jakub.parak@gpre.cz;"603 859 671"
"GEPARD REALITY/Living";marketa.misikova@gpre.cz;"733 695 875"
"GEPARD REALITY/MARATHON Reality";ivana.gaspar@gpre.cz;"725 646 196"
"GEPARD REALITY/Motyčka Reality a Finance";petr.motycka@gpre.cz;"603 552 698"
"GEPARD REALITY/Nesreality";nesreality@gpre.cz;"604 164 724"
"GEPARD REALITY/REALITY MUZEJKA";realitymuzejka@gpre.cz;"604 232 218"
"GEPARD REALITY/Specialisté na bydlení";specialistenabydleni@gpre.cz;"725 772 402"
"GEPARD REALITY/Tobi reality a finance";ivana.cikankova@gpre.cz;"603 188 588"
"GLOBE ESTATE s.r.o.";info@globe-estate.cz;"731 245 324"
"GLORIO, s.r.o.";pitner@glorio.cz;"604 824 145"
"GOLDEN CASTLE s.r.o.";goldencastle@seznam.cz;"776 229 007"
"GOLDEN CUBE, s.r.o.";info@golden-cube.cz;"602 183 082"
"Good move";gavenda@good-move.cz;"725 707 826"
"Grand Facility s.r.o.";info@grandfacility.cz;
"GRANDYS REALITY - Praha";;
H2Reality+;info@h2reality.cz;"725 293 493"
"HALO reality s.r.o.";info@haloreality.cz;"777 910 186"
"Hanauer reality s.r.o.";info@hanyreality.cz;"608 168 918"
"HANEX GROUP s.r.o.";info@hanex.cz;"224 217 648"
"HANZLÍKOVÁ  REALITY";hanzlikovareality@seznam.cz;"+420 777 814 103"
"Hedvika Varcholková";hedvikavarcholkova@seznam.cz;"602 362 489"
"Help Service Reality s.r.o.";jan.koritak@gmail.com;"604 247 088"
"High floor, s.r.o.";office@highfloor.cz;"733 679 905"
"Hlavenková, Macháč a partneři s.r.o.";info@jirinahlavenkova.cz;"607 773 774"
HLEDAMBYT.cz;info@hledambyt.cz;"220 876 874"
"Holding Malgen";reality@malgen.cz;"800 991 100"
"HOLEX Reality s.r.o.";holy@holex.cz;
"HOME 4 PEOPLE";info@home4people.cz;"734 222 111"
"HOME Hunters, s.r.o.";kovac@homehunters.cz;"608 150 100"
"Home Portal";portaljungle@seznam.cz;601505838
"Home Sweet Home";info@homesweethome.cz;"777 667 277"
"House ViP, s.r.o.";info@housevip.cz;"736 679 205"
"HVB Real Estate s.r.o.";info@hvbreal.cz;"244 470 367"
"I.E.T.Reality s.r.o.";brno@iet-reality.cz;"+420 542 422 340"
"I.E.T.Reality s.r.o. - Brno";info.brno@iet-reality.cz;"542 422 340"
"I.E.T.Reality s.r.o. - Ostrava";ostrava@iet-reality.cz;"727 983 315"
"I.E.T.Reality s.r.o. - Praha";praha@iet-reality.cz;"222 310 399"
"IBG Real Estates";office@investinbg.co.uk;+359878466690
"Icbreality s.r.o.";reality@icb.as;"+420 605 229 922"
"ID reality spol. s.r.o.";info@idreality.cz;"722 903 574"
"Idea Reality s.r.o.";info@idea-reality.cz;"736 402 442"
"IDEA-IQ, a.s.";info@idea-iq.cz;"776 181 888"
"Ideální nájemce";inzerce@idealninajemce.cz;"222 703 030"
"IK NEXION s.r.o.";iknexion@seznam.cz;"776 868 876"
"IMOBA REALITY";pavel.polacek@imoba.cz;"272 192 434"
"In Premium";frantisek.drs@inpremium.cz;
"Indra &amp; Světlík";indra.tomas@gmail.com;"775 208 434"
"Ing. Alena Beňáková";alena.benakova@seznam.cz;"777 898 655"
"Ing. Ivan Fryauf - IN REALITY";fryauf@in-reality.cz;"602 698 099"
"Ing. Ladislav Burian";burian@realityburian.cz;"733 640 320"
"Ing. Miroslav Pulkrábek";mpulkrabek@seznam.cz;"603 156 610"
"Ing. Stanislav Durchánek";Stanislav@Durchanek.cz;"775 636 982"
"Ing. Tomáš Zavoral - REALITY PRORADOST";zavoral@reality-proradost.cz;"602 313 384"
"Ing. Vladimír Dřímal";peta.drimal@gmail.com;"734 716 955"
"Ing. Zita Blažková";zitablazkova@seznam.cz;"604 127 101"
"Ing., BC. Eva Šnajdrová Reality";;"739 090 696"
"INNITI, s.r.o.";inniti@seznam.cz;
"Insia FinReal s.r.o.";insia.finreal@gmail.com;"+420 724 636 963"
"Investiční skupina - Petr Čeřovský";invest.cerovsky@email.cz;"608 721 621"
"inveXreal s.r.o.";invexreal@invexreal.cz;"723 730 331"
"IO Partners Czechia s.r.o.";info@iopartners.com;"770 316 177"
"IP Stav, s. r. o.";office@ipstav.cz;"466 330 901"
IQ-IMMO;;"774 466 101"
"Irena Kotolanová";kotolanova@realityklidem.cz;"775 859 518"
"Irena Trojanová";irena.trojanova@rktrojanova.cz;"608 982 867"
"Ivana Hubináková";ivanahubinakova-realitnisluzby@seznam.cz;"725 838 719"
"Ivana Luštincová";ivana@ivanalustincova.cz;"608 191 315"
"Ivana Ondráčková";reality@ivanaondrackova.cz;"728 225 328"
"Iveta Gütterová";info@gutterovareality.cz;"+420 733 650 574"
"J - REAL, s.r.o.";jrealsro@seznam.cz;"608 528 445"
"Jan Holický";jan@janholicky.cz;"733 423 333"
"JAN Reality s.r.o.";poradna@jan-reality.com;"608 300 600"
"Jana Holasová";jana@bezvamakleri.cz;"702 142 352"
"Jana Kubíková";reality@janakubikova.cz;"606 444 054"
"Jana Rušidi - realitní makléřka";reality@janarusidi.cz;"+420 604 494 023"
"Jana Zděnková";zdenkova18@seznam.cz;"603 236 943"
"Jaroslav Vojtěch";vojtech.jaroslav@seznam.cz;"739 531 640"
"Jaroslava Brožková";kimarny@seznam.cz;"725 244 479"
"JDB REALITY";info@jdbreality.cz;"725 169 091"
"Jesenická realitní";jesreal.kf@gmail.com;"721 140 014"
"JH REALITY";jhreality@jhreality.cz;"582 341 705"
"Jižní reality s.r.o.";info@jihreality.cz;"731 951 733"
"JK Finance a Reality, s.r.o.";info@jkreal.cz;"776 105 757"
"JK TOP Reality CZ s.r.o.";jana.vesecka@jk-topreality.cz;"608 823 423"
"Jochmann reality";reality@jochmann.cz;"608 918 391"
"JOLK REALITY / JOLK invest s.r.o.";info@jolkreality.cz;"602 557 767"
"Joštova realitní kancelář - JORK, spol. s r.o.";jork@jostovarealitni.cz;"466 616 780"
"JRS real s.r.o.";info@jrsreal.cz;"608 940 651"
"JTH Group a.s.";reality@jth.cz;"+420 417 637 555"
"JUNG.CZ a.s.";info@jung.cz;"+420 602 189 707"
"JURIS REAL";teichmann@jurisreal.cz;"777 306 103"
"JUSTO Česká republika";info@justo.cz;"603 333 375"
"K real";info@kreal.cz;"606 754 467"
"K&amp;Š MAXXUS REALITY, s.r.o.";info@maxxus.cz;"774 489 048"
"Kamila Pavlištová";maklerka@kamilapavlistova.cz;"602 880 000"
"Karolína Kurková";reality@kurkovakarolina.cz;"602 291 291"
"Kateřina Trojáková";tkatyna@gmail.com;"732 526 363"
"Keller Williams Czech Republic";info@kwcz.cz;"+420 734 579 008"
"Kevin Babička - Nadstandardní realitní služby";kevinbabicka@realstories.cz;"777 259 569"
"KK Reality-Karla Kylíšková s.r.o.";karla.kyliskova@gmail.com;"604 864 875"
"Kocour v realitách";bydleni@kocourvr.cz;"602 290 968"
"KOMFORT REALITY s.r.o.";kladno@komfort-reality.cz;"+420 603 856 123"
"Kontakt servis CZ s.r.o.";info@kontaktservis.cz;"605 238 493"
"KOVA Reality s.r.o.";kova@kova.cz;"257 22 33 22"
"KRÁSA BYDLENÍ";info@krasabydleni.cz;"774 739 539"
"KURKO reality s.r.o.";info@kurko.cz;"705 008 007"
"KUZO Partners s.r.o.";info@kuzopartners.cz;"775 560 892"
"KVK Reality s.r.o.";miroslav.podivin@kvkreality.cz;
"LA PIETRA s.r.o.";klapac@lapietra.cz;"+420 377 227 454"
"LBC reality s.r.o.";info@lbcreality.cz;"485 109 858"
"LD reality";dostalova@ldreality.cz;"777 040 547"
"Lenka Hrdličková";reality-hrdlickova@seznam.cz;"776 351 171"
"LEV REALIT s.r.o.";martinmatela@levrealit.cz;"+420 777 712 029"
"LEXAMO s.r.o.";njurankova@lexamo.cz;"732 976 694"
"LEXIREAL, s.r.o.";info@lexireal.cz;"774 322 696"
"Lilan s.r.o.";lilancz22@gmail.com;"603 853 637"
"Lilan s.r.o. Děčín";;
"Lilan s.r.o. Česká Lípa";;
"Lionix reality";dvorsky@reality-lionix.cz;"603 161 881"
"Listrum real s.r.o.";listrum@listrum.cz;"596 811 051"
"LK REAL s.r.o.";info@lk-real.cz;"739 641 944"
"LM Real s.r.o.";info@lmreal.cz;"+420 733 679 932"
Lokatio.cz;;
"LOUDA REALITY, a.s.";reality@louda.cz;"601 311 100"
"Loyd - reality, spol. s r. o.";reality@loyd.cz;+420602145144
"Luboš Plachý - BAJECNEDOMY.CZ";lubos.plachy@bajecnedomy.cz;"603 213 943"
"Lucie Kopřivová Reality";info@luciekoprivova.cz;"602 653 515"
"Lucie Walterová - Hypoteam";info@hypoteam.cz;"+420 774 650 188"
"Lucie&amp;GARDE REALITY s.r.o.";lucie.cekalova@gardereality.cz;"734 476 447"
"LUKEŠ Invest s.r.o.";info@lukes-rk.cz;"602 217 876"
"Lukáš Stach";lukas@stachreality.cz;"737 509 915"
"LUPO Consulting s.r.o.";poustka@rklupo.cz;"731 125 152"
"Luxury Home Gamma";;"720 034 158"
"M&amp;M Hypocentrum Praha";;
"M&amp;M reality Benešov";;
"M&amp;M Reality Děčín";;
"M&amp;M Reality Frenštát pod Radhoštěm";;
"M&amp;M Reality Havířov";;
"M&amp;M reality holding a.s.";info@mmreality.cz;"800 100 446"
"M&amp;M reality Holice v Čechách";;
"M&amp;M Reality Hypocentrum Ostrava";;
"M&amp;M Reality Jablunkov";;
"M&amp;M reality Klatovy";;
"M&amp;M Reality Liberec Jungmanova";;
"M&amp;M reality Opava";;
"M&amp;M reality Orlová";;
"M&amp;M reality Ostrava";;"595 136 934"
"M&amp;M reality Ostrava - Mariánské Hory";;
"M&amp;M reality Ostrava - Poruba";;
"M&amp;M reality Ostrava jih";;
"M&amp;M Reality Otrokovice";;
"M&amp;M reality Prostějov";;
"M&amp;M reality Přelouč";;
"M&amp;M reality Přerov";;
"M&amp;M reality Semily";;
"M&amp;M reality Turnov";;
"M&amp;M reality Třinec";;"558 988 455"
"M&amp;M Reality Valašské Meziříčí";;
"M&amp;M Reality Vsetín";;
"M&amp;M Reality Ústí nad Labem - centrum";;
"M&amp;M reality Ústí nad Orlicí";;
"M&amp;M Reality Český Těšín";;
"M&amp;M realityTanvald";;
"M&amp;S 24 Reality Group s.r.o.";machacek@msrealitygroup.cz;"+420 776 266 666"
"MAHOON real estate s.r.o.";eduard@mahoon.cz;"+420 778 503 113"
"Makléři z vašeho kraje s.r.o.";info@maklerizvasehokraje.cz;"775 675 496"
"Maleček Reality &amp; Finance s.r.o.";petr.malecek@malecekrf.cz;"777 641 666"
"Mapa reality";marie.cerna@mapareality.cz;"608 495 948"
"Marcel Jelínek";info@rk-jelinek.cz;"728 915 479"
"Marie Müllerová / Real trust";realtrust@tiscali.cz;"776 130 644"
"Marková Reality";hana@markovareality.cz;"+420 775 664 942"
"MARTIN DOLEŽEL s.r.o.";mardolezel@seznam.cz;"607 791 328"
"Martin Kratochvíl - Real estate";m.kratochvil@atlanticreality.cz;"777 150 350"
"Martin Ponikelský - NEST reality";martin.ponikelsky@nestreality.cz;"+420 603 996 999"
"Martin Sedláček";sedlacek@xtrareality.cz;"777 440 880"
"Martina Kremplová - realitní makléřka";reality@martinakremplova.cz;
"Martina Meresová";meresova@mm-consulting.cz;"602 758 930"
"Matrix Reality a.s.";info@matrixreality.cz;"+420 724 149 414"
"MAVO-Invest, s.r.o.";info@mavo-invest.cz;"608 360 350"
"Max Reality &amp; Finance s.r.o.";info@maxrealfin.cz;"725 050 050"
"MAX SERVISNÍ CENTRUM s.r.o.";reality@max-sc.cz;"736 600 464"
"MAXIMA REALITY, s.r.o.";info@maxima.cz;"800 111 555"
"MB realinvest";martin.bedrich@mbrealinvest.cz;
"metr2 reality s.r.o.";info@metr2reality.cz;"585 430 430"
"METROPOLIS Realitní kancelář";info@metropolisreality.com;"274 810 537"
"Mgr. Anastasia Müller";anastasiamuller@seznam.cz;"774 130 399"
"Mgr. Bc. Zuzana Dostálová";info@zdostalova.cz;"+420 602 882 705"
"Mgr. David Vrzal";davidvrzal@post.cz;"+ 420 778 500 601"
"Mgr. Jan Vodenka";jan.vodenka@volny.cz;
"Mgr. Jindřich Svoboda";info@jindrichsvoboda.cz;"608 066 696"
"Mgr. Monika Kindlová";reality@monikakindlova.cz;"603 415 820"
"Mgr. Radek Procházka";prochazka@orlicko.cz;"734 217 877"
"Michal Kulíček";michal@kulicekreality.cz;"732 865 681"
"Michal Vyhnálek";info@michalvyhnalek.cz;"+420 732 212 628"
"MIG s.r.o.";mig@mig.cz;"800 644 644"
"MIK Marketing s.r.o.";realityspolu@bcas.cz;"800 100 164"
"Milan Choura";chouram@atlas.cz;
"Miriam Kodatová Realitní makléřka";reality@miriamkodatova.cz;"+420 728 439 266"
"Miroslav TICHÝ";miroslavtichy@atlas.cz;"737 739 397"
"Molík reality s.r.o.";tovor12@gmail.com;"777 090 011"
"Money Broker s.r.o.";info@moneybroker.cz;"792 762 420"
"Moovido s.r.o.";info@moovido.cz;"277 010 722"
"MP REAL DEVELOPMENT s.r.o.";info@mpreal.cz;"777 568 380"
"MS-INVEST a.s.";brno@ms-invest.cz;"601 301 301"
"Multicont reality Karel Rozsypal";reality@multicont.cz;"517 448 808"
myalbania.cz;office@myalbania.cz;"606 223 144"
"Myšák reality";info@mysakreality.cz;"222 560 787"
"MZet Home Reality s.r.o.";michaela@mzetreality.cz;"603 455 453"
"MZRK s.r.o.";info@mzrk.cz;"+420 608 951 921"
"Město Jičín";;"493 545 120"
"Můj Domov Reality s.r.o.";muj.domov.reality@seznam.cz;"775 604 602"
"Natland Real Estate, a.s.";office@natlandre.cz;"+420 284 682 586"
"NAXOS a.s.";info@naxos.cz;"257 314 251"
"NAXOS Ostrava, a.s.";;"596 111 356"
"NeFi, s.r.o.";info@nefi.cz;"777 064 918"
"Nemovision reality s.r.o.";info@nemovision.cz;
"NEMOVITOSTI KAUER";info@nemovitostikauer.cz;
"Nemovitosti REN";info@nemovitostiren.cz;
"Nemovitosti Znojmo - Ing. Gabriel Miklík";gejbou@seznam.cz;"+420 775 166 801"
"Neo Time s.r.o.";prodej@neotime.cz;"775 231 050"
"NETT REALIT s. r. o.";info@barabizny.cz;"777 016 677"
"NEW REALITY, s.r.o.";info@newreality.cz;"725 946 117"
"NEXT REALITY";info@nextreality.cz;"800 700 099"
"NEXT REALITY 24/7 REAL";24-7real@nextreality.cz;"607 122 531"
"NEXT REALITY 28";28@nextreality.cz;
"NEXT REALITY 3MT";;"800 700 099"
"NEXT REALITY 4YOU";info@nextreality.cz;"800 700 099"
"NEXT REALITY ADVANCE";advance@nextreality.cz;
"NEXT REALITY BAHENSKÝ&amp;PARTNEŘI";info@nextreality.cz;800700099
"NEXT REALITY BAHENSKÝ&amp;PARTNEŘI II.";bahensky.partneri2@nextreality.cz;
"NEXT REALITY BRANCH";info@nextreality.cz;"800 700 099"
"NEXT REALITY CAPITAL";;
"NEXT REALITY CENTRAL";info@nextreality.cz;"800 700 099"
"NEXT REALITY CENTRÁLA NK";centralank@nextreality.cz;"222 517 959"
"NEXT REALITY CHEB";info@nextreality.cz;
"NEXT REALITY COMFORT 4 YOU";info@nextreality.cz;
"NEXT REALITY DYNAMIC";petr.svoboda@nextreality.cz;
"NEXT REALITY DŮM SNŮ";info@nextreality.cz;
"NEXT REALITY EXPERT";info@nextreality.cz;"800 700 099"
"NEXT REALITY FORZA";info@nextreality.cz;
"NEXT REALITY FUTURE";future@nextreality.cz;
"NEXT REALITY GROUP";;
"NEXT REALITY HAPPY REAL";info@nextreality.cz;"800 700 099"
"NEXT REALITY HOME";home@nextreality.cz;
"NEXT REALITY HORIZONT";info@nextreality.cz;"800 700 099"
"NEXT REALITY HRADEC KRÁLOVÉ";info@nextreality.cz;"800 700 099"
"NEXT REALITY IMPERIAL";;"800 700 099"
"NEXT REALITY JAHODOVÁ";jahodova@nextreality.cz;"800 700 099"
"NEXT REALITY JAN KUBEŠ &amp; PARTNEŘI";jankubes.partneri@nextreality.cz;"800 700 099"
"NEXT REALITY MAJANNA";info@nextreality.cz;"800 700 099"
"NEXT REALITY MASTER";rakovnik@nextreality.cz;
"NEXT REALITY MIKEŠOVÁ";;
"NEXT REALITY NOVÝ BYDŽOV";info@nextreality.cz;"800 700 099"
"NEXT REALITY NOVÝ DOMOV";info@nextreality.cz;"800 700 099"
"NEXT REALITY O-CITY";o-city@nextreality.cz;"800 700 099"
"NEXT REALITY ONE GROUP";;
"NEXT REALITY PERFECT REAL";info@nextreality.cz;"800 700 099"
"NEXT REALITY PLZEŇ";info@nextreality.cz;"800 700 099"
"NEXT REALITY PRECIS REAL";info@nextreality.cz;"800 700 099"
"NEXT REALITY PRO";info@nextreality.cz;
"NEXT REALITY PROFI ČB";info@nextreality.cz;"800 700 099"
"NEXT REALITY ROLLER TEAM";;604206401
"NEXT REALITY ROSA";rosa@nextreality.cz;
"NEXT REALITY SORETA GROUP";soreta@nextreality.cz;
"NEXT REALITY STARS";;"800 700 099"
"NEXT REALITY STORM";info@nextreality.cz;"800 700 099"
"NEXT REALITY STYLE";;
"NEXT REALITY SVATOŠ";info@nextreality.cz;"800 700 099"
"NEXT REALITY VINOHRADY";;"800 700 099"
"NEXT REALITY VISION";info@nextreality.cz;"800 700 099"
"NEXT REALITY ÚVALY";;
"NEXT REALITY ČERNÁ RŮŽE";info@nextreality.cz;"800 700 099"
"NEXT REALITY ČESKÉ BUDĚJOVICE";info@nextreality.cz;
"Nice Property CO. s.r.o.";info@niceproperty.cz;"226 259 341"
"Nikola Verčíková";info@nikolavercikova.cz;"+420 731 069 962"
"NOVIS reality s.r.o.";info@novisreality.cz;773884225
"Nové Chabry H+I, s.r.o.";info@novechabry.cz;"800 810 100"
"NP reality, s.r.o.";necekal@npreality.cz;"608 708 317"
"NRG International Realty";info@nrgreality.cz;"722 633 580"
"Nyxus reality s.r.o.";info@nyxusreality.cz;"725 433 555"
"Obchod s realitami.cz";info@obchodsrealitami.cz;"776 300 756"
"Ochodek Estates s.r.o.";;"+420 774 214 922"
"OFIXIU s.r.o.";info@ofixiu.cz;"+420 604 192 605"
"OK REAL";info@rkokreal.cz;"728 236 986"
"Oleg Ehrenberger";rkoleg@rkoleg.cz;"608 413 877"
"Oleksandr Hychka";info@hychka.cz;"725 141 063"
"OMEGA REALITY";info@omega-reality.cz;"222 242 233"
OneTwoTree;milos@onetwotree.cz;"608 206 394"
"Optimal reality s.r.o.";info@optimalreality.cz;"725 815 814"
Orbisreality;info@orbisreality.cz;"312 240 969"
"ORION Realit, s.r.o.";info@orionreal.cz;"+420 739 544 411"
"ORIONIS s.r.o. Chomutov";info@orionis.cz;"474 650 121"
"OTROŠINA Invest s.r.o.";info@otrosinainvest.cz;"723 657 668"
"P&amp;K property s. r. o.";pocepicka@pkproperty.cz;"603 447 746"
"PAREX SERVICES s.r.o.";parex.services@email.cz;"739 592 344"
"PATRIOT reality, spol. s r.o.";info@patriotreality.cz;"585 234 171"
"Pavel Daněček";reality@paveldanecek.cz;+420737501914
"Pavel Kilinger, realitní servis";pavel.kilinger@reality-rokycany.eu;"607 777 050"
"Pelešková &amp; Staněk";michaela@peleskova-stanek.cz;"777 351 354"
"Petr Trubač";realitmakler@seznam.cz;"602 568 007"
"Petra Suchá";petrasucha.reality@seznam.cz;"702 898 399"
"PINK REALITY s.r.o. Hradec Králové";hradeckralove@pinkreality.cz;
"PINK REALITY, s.r.o.";info@pinkreality.cz;"800 400 900"
"PINK REALITY, s.r.o. Rychnov nad Kněžnou";;
"PINK REALITY, s.r.o., Trutnov";;
"Pohádkové reality";info@pohadkovereality.cz;"+420 734 417 628"
"POINT reality s.r.o.";info@pointreality.cz;"778 115 545"
"Porta Invest";info@portainvest.cz;"222 742 600"
"Porta Real Estate s.r.o.";prodej@portainvest.cz;"+420 603 790 166"
"Portál Aukcí s.r.o.";info@portalaukci.cz;"‭+420 774 246 076‬"
"PP REAL CZ s.r.o.";ppreal@volny.cz;"318 632 932"
"PR Reality - Petra Robová";info@prreality.cz;"+420 773 687 424"
"Pragreality CZ, s.r.o.";info@pragreality.cz;"224 237 748"
"Prague &amp; Int. Properties s.r.o.";info@pi-properties.cz;"+420 777 925 555"
"prague 6 property";jiri.holecek@prague6property.cz;"603 488 929"
"Prague Property Investment, s.r.o.";dobrev@ppinvest.cz;"777 297 047"
"PRAGUE REALITY, s.r.o.";;"+420 603 824 224"
"Pražské služby, a.s.";sm@psas.cz;
"PREMIUM REALITY s.r.o.";info@premiumreality.cz;"222 250 160"
"Prima reality";info@prima-real.cz;"548 210 563"
"Prima reality Liberec";stromova@prima-real.cz;
"Private Estate s.r.o.";lauer@private-estate.cz;"723 057 671"
Prodejme.to;info@prodejme.to;"+420 735 760 218"
"Prodám Za Víc";reality@prodamzavic.cz;"724 120 417"
"Profimakléřky s.r.o.";milada.vejtasova@profimaklerky.cz;"775 727 534"
"PROFINEX.CZ Real Estate s.r.o.";kohler@profinex.cz;"602 208 585"
ProFinReal;psebek@profinreal.cz;"+420 602 393 072"
"PROFIT REALITY LTD.";info@profitreality.cz;"241 482 181"
"Promotex Interactive, s.r.o.";info@promotexreal.cz;"702 421 776"
"propexa services s.r.o.";hello@propexa.cz;"774 703 373"
"Prosperity Financial Services a.s.";reality@prosperityfs.cz;"800 811 811"
"Proxima Reality s.r.o";info@proximareality.cz;"602 154 512"
"První RK";info@prvnirk.cz;"607 167 199"
"PSN s.r.o.";psn@psn.cz;"221 088 111"
"PTF reality, s.r.o.";info@ptf.cz;"603 834 921"
"QARA s.r.o.";info@qara.cz;"606 113 100"
"QARA s.r.o. Brno";info@qara.cz;
"QARA s.r.o. Ostrava";info@qara.cz;
"Quantum reality, spol. s r.o.";info@quantumreality.cz;"273 134 681"
"R. F. Factory s.r.o.";pavel.hulaj@profi-a.cz;"731 143 834"
"R.A. TITI s.r.o.";info@titi-reality.cz;"224 817 400"
"Radek Pajič - Reality Praha";reality@radekpajic.cz;"+420 603 378 390"
"RE | Jakub Bakeš - realitní makléř";realitomat@gmail.com;"725 381 211"
"RE | Partners";info@REpartners.cz;"+420 602 304 070"
"RE/MAX 4 You";petra.majerova@re-max.cz;"739 500 617"
"RE/MAX 4 You II.";4you@re-max.cz;"+420 733 152 553"
"RE/MAX 4 You III";4youIII@re-max.cz;"+420 733 618 704"
"RE/MAX A-City";acity@re-max.cz;
"RE/MAX Alfa";info@remaxalfa.cz;"222 524 840"
"RE/MAX Ambassador";ambassador@re-max.cz;
"RE/MAX Anděl";andel@re-max.cz;
"RE/MAX Commercial Group";commercialgroup@re-max.cz;"222 191 942"
"RE/MAX Cross";cross@re-max.cz;"731 618 422"
"RE/MAX Diamond Group";all.diamondgroup@remax-czech.cz;"+420 224 247 291"
"RE/MAX Dynamic";dynamic@remax-czech.cz;"725 910 910"
"RE/MAX Easy";easy@re-max.cz;"722 484 787"
"RE/MAX Elite Reality";elitereality@remax-czech.cz;
"RE/MAX Elite Reality 2";elitereality2@re-max.cz;"733 373 964"
"RE/MAX Eso";eso@remax-czech.cz;
"RE/MAX Expres";expres@re-max.cz;"737 949 439"
"RE/MAX G8 Reality";g8reality1@remax-czech.cz;"222 727 222"
"RE/MAX G8 Reality";g8reality6@remax-czech.cz;
"RE/MAX G8 Reality";g8reality8@remax-czech.cz;"733 785 785"
"RE/MAX G8 Reality";g8reality4@re-max.cz;
"RE/MAX G8 Reality";g8reality2@remax-czech.cz;"312 240 239"
"RE/MAX G8 Reality";g8reality3@remax-czech.cz;"+420 377 422 427"
"RE/MAX G8 Reality";g8reality10@remax-czech.cz;
"RE/MAX G8 Reality";g8reality5@re-max.cz;
"RE/MAX G8 Reality";g8reality7@remax-czech.cz;
"RE/MAX G8 Reality";g8reality9@remax-czech.cz;
"RE/MAX G8 Servisní";;
"RE/MAX Glorion";glorion@re-max.cz;
"RE/MAX Gold 2";gold2@remax-czech.cz;
"RE/MAX Gold Jablonec";gold@remax-czech.cz;"730 163 554"
"RE/MAX Happy";happy@re-max.cz;
"RE/MAX Horizont";horizont@re-max.cz;"+420 733 149 056"
"RE/MAX Infinity";infinity@re-max.cz;
"RE/MAX InterCora";intercora@remax-czech.cz;"377 240 004"
"RE/MAX Komfort";;
"RE/MAX Level";level@re-max.cz;"724 588 119"
"RE/MAX Living";living@re-max.cz;"+420 487 710 968"
"RE/MAX Magnum";magnum@re-max.cz;"+420 541 215 165"
"RE/MAX MONARCHA";monarcha@re-max.cz;"+420 777 235 428"
"RE/MAX One";one@remax-czech.cz;
"RE/MAX Optimal";ales.kudrlicka@remax-czech.cz;"775 569 693"
"RE/MAX Partner";partner@re-max.cz;"603 455 857"
"RE/MAX Profi Reality";profireality@remax-czech.cz;"+420 739 482 077"
"RE/MAX Profil";profil@re-max.cz;"721 837 670"
"RE/MAX Quality";quality@remax-czech.cz;
"RE/MAX Relations";adela.vankova@re-max.cz;"731 305 955"
"RE/MAX Search";search@remax-czech.cz;+420603171112
"RE/MAX Via";michal.malanik@re-max.cz;
"RE/MAX Welcome Home";welcomehome@re-max.cz;"+420 602 400 024"
"RE/MAX Well 2";well2@remax-czech.cz;
"RE/MAX Well 3";well3@remax-czech.cz;
"RE/MAX Česká republika";info@re-max.cz;"+420 281 861 223"
"Real Agency 360";info@realagency360.cz;"608 969 066"
"Real Estate &amp; Life, s.r.o.";office@estateandlife.cz;"602 285 064"
"REAL FLAT, spol. s r.o.";info@realflat.cz;"608 081 974"
"REAL FRIEND";valousek@realfriend.cz;"777 66 55 17"
"REAL KREDIT a.s.";info@realkredit.cz;
"Real Marco";info@realmarco.cz;"777 699 754"
"REAL OFFICE s.r.o.";office@realoffice.cz;"511 141 484"
"REAL PREMIUM, s.r.o.";info@realpremium.cz;"739 056 906"
"Real Profin CL s.r.o.";spom@email.cz;"724 568 509"
"REAL SPEKTRUM, a.s.";rs@realspektrum.cz;"800 800 099, 533 339 111"
"REAL- INVEST-RK";info@realinvest-rk.cz;"731 594 871"
"REALDOMUS s.r.o.";info@realdomus.cz;"605 821 851"
"RealExpert s.r.o.";info@real-expert.cz;"222 516 123"
RealHypo;pospisilikova.hana@gmail.com;"702 065 430"
"REALICA - Jaroslav Kronek";hlavnickova@realica.cz;"+420 603 573 178"
"RealitasFIN s.r.o.";info@realitasfin.cz;"777 220 795"
Realitkacz.cz;info@realitkacz.cz;"725 293 947"
"Realitni servis";f.hrdousek@email.cz;"774 802 222"
"Realitní agentura Starlet";info@rastarlet.cz;"602 141 892"
"Realitní kancelář Brettschneider s.r.o.";info@rkbrettschneider.cz;"606 261 963"
"Realitní kancelář Brněnský zvonec s.r.o.";reality@brnenskyzvonec.cz;"541 219 550"
"Realitní kancelář CENTRUM s.r.o.";info@rkcentrum.cz;"800 100 105"
"Realitní kancelář DIRMAX";reality@dirmax.cz;"379 428 449"
"Realitní kancelář Doležel &amp; Doleželová";infork@realitypb.cz;
"Realitní kancelář Donna s.r.o.";info@donnareality.cz;"222 968 865"
"Realitní kancelář GoldGeo";info@goldgeo.cz;"773 433 333"
"Realitní kancelář Honzík, s.r.o.";honzik@honzik.cz;"296 326 086"
"Realitní kancelář JUDr. Josef Křen";info@judrkren.cz;"224 313 842"
"Realitní kancelář KOTULA s.r.o.";info@kotula.cz;"+420 739 343 871"
"Realitní kancelář NIKTEL, s.r.o.";info@niktelreality.cz;"312 688 500, 800 17 18 19"
"Realitní kancelář NOVA s.r.o.";info@rknova.cz;
"Realitní kancelář Parva s.r.o.";info@parva.cz;"377 270 123"
"Realitní kancelář Petr Šikýř";psikyr@rk-sikyr.cz;"775 767 767"
"REALITNÍ KANCELÁŘ PUBEC s.r.o.";info@pubec.cz;734202600
"Realitní kancelář RE/MAX Glorion II";glorion2@remax-czech.cz;
"Realitní kancelář Renner";reality@renner.cz;"475 200 986"
"Realitní kancelář Sedláček s.r.o.";info@rk-sedlacek.cz;"774 604 327"
"Realitní kancelář STING, s.r.o.  - Žďár nad Sázavou";zdar@rksting.cz;"800 10 30 10"
"Realitní kancelář STING, s.r.o. - Brno";brno@rksting.cz;
"Realitní kancelář STING, s.r.o. - Bruntál";bruntal@rksting.cz;
"Realitní kancelář STING, s.r.o. - Frýdek-Místek";frydek.mistek@rksting.cz;
"Realitní kancelář STING, s.r.o. - Hodonín";hodonin@rksting.cz;
"Realitní kancelář STING, s.r.o. - Jeseník";;"+420 800 10 30 10"
"Realitní kancelář STING, s.r.o. - Jihlava";jihlava@rksting.cz;
"Realitní kancelář STING, s.r.o. - Karviná";karvina@rksting.cz;
"Realitní kancelář STING, s.r.o. - Mělník";melnik@rksting.cz;
"Realitní kancelář STING, s.r.o. - Nový Jičín";novy.jicin@rksting.cz;
"Realitní kancelář STING, s.r.o. - Olomouc";olomouc@rksting.cz;
"Realitní kancelář STING, s.r.o. - Opava";opava@rksting.cz;"+420 553 639 204"
"Realitní kancelář STING, s.r.o. - Ostrava";ostrava@rksting.cz;"+420 596 918 261"
"Realitní kancelář STING, s.r.o. - Ostrava Poruba";;"800 10 30 10"
"Realitní kancelář STING, s.r.o. - Pardubice";;
"Realitní kancelář STING, s.r.o. - Praha";praha@rksting.cz;"+420 222 513 332"
"Realitní kancelář STING, s.r.o. - Prostějov";prostejov@rksting.cz;
"Realitní kancelář STING, s.r.o. - Přerov";prerov@rksting.cz;
"Realitní kancelář STING, s.r.o. - Rožnov pod Radhoštěm";roznov@rksting.cz;"800 10 30 10"
"Realitní kancelář STING, s.r.o. - Třebíč";trebic@rksting.cz;"800 10 30 10"
"Realitní kancelář STING, s.r.o. - Třinec";trinec@rksting.cz;
"Realitní kancelář STING, s.r.o. - Uherské Hradiště";uherske.hradiste@rksting.cz;
"Realitní kancelář STING, s.r.o. - Zlín";zlin@rksting.cz;
"Realitní kancelář STING, s.r.o. - Znojmo";znojmo@rksting.cz;"+420 515 223 760"
"Realitní kancelář STING, s.r.o. - České Budějovice";ceske.budejovice@rksting.cz;"800 10 30 10"
"Realitní kancelář STING, s.r.o. - Šumperk";sumperk@rksting.cz;
"Realitní kancelář STING, s.r.o. Ostrava Hrabůvka";;"800 10 30 10"
"Realitní kancelář ZITA s.r.o.";info@zitareality.cz;"222 253 727"
"Realitní kancelář ZOO REALITY s.r.o.";info@zooreality.cz;"607 466 999"
"Realitní makléř Eliška Juříková";jurikova.makler@gmail.com;"724 501 058"
"Realitní makléř Marta Žáková";zakova.makler@gmail.com;"725 811 639"
"Realitní makléř v Ostravě s.r.o.";info@realitnimaklervostrave.cz;"733 164 162"
"Realitní pomoc s.r.o.";martin.nemec@realitnipomoc.com;"777 870 563"
"Realitní Portál";info@realitniportal.cz;"272 652 464"
"Realitní Páni";info@realitnipani.cz;"+420 739 076 747"
"Realitní společnost CHOCHOLATÍ s.r.o.";asistentka@chocholati.cz;"774 010 005"
"reality - BV s.r.o.";vaclav.beran@reality-bv.cz;"+420 776 773 380"
"REALITY - ODHADY s.r.o.";chadimovahelena@gmail.com;"603 887 314"
"Reality - Plzeň s.r.o.";info@mixreality.eu;"377 322 120"
"Reality 10, s.r.o.";reality10@reality10.cz;"222 523 692"
"Reality 11";info@reality11.cz;
"REALITY 5";info@reality5.cz;"774 870 915"
"Reality 89 s.r.o.";info@reality89.cz;"+420 776 898 911"
"Reality Adam";adam@realityadam.cz;"+420 602 124 421"
"REALITY Alena Nováková";novakova@realno.cz;"774 230 231"
"Reality Bendáková";p.bendakova@reality-bendakova.com;"608 511 944"
"Reality bez-starostí";reality@bez-starosti.cz;"770 778 773"
"Reality Biliková s.r.o.";reality.bilikova@seznam.cz;"605 457 150"
"Reality Dachovský s.r.o.";matej@realitydachovsky.cz;"720 165 024"
"Reality Divíšek s.r.o.";info@realitydivisek.cz;"777 154 474"
"REALITY DUFEK &amp; PARTNEŘI s.r.o.";realitydufek@realitydufek.cz;"273 130 230"
"Reality Dvořák s.r.o.";dvorak@realitydvorak.cz;"732 903 030"
"Reality Gerbová";info@realitygerbova.cz;"734 575 668"
"Reality jednoduše";realityjednoduse@gmail.com;"778 477 921"
"REALITY KUČERA";kucera@nawebu.net;"608 300 088"
"Reality Lenka Režňáková a otec s.r.o.";lenka.reznakova@gmail.com;"607 242 938"
"REALITY MAREŠ";vaclavmares@maresreality.cz;"+420 603 845 357"
"Reality Martinka";kamilmartinka@seznam.cz;"777 876 156"
"Reality Myšák s.r.o.";mysak@realitymysak.cz;"777 238 978"
"Reality Málková";info@realitymalkova.cz;"774 622 466"
"Reality na klíč";horova@realitynaklic.eu;"774 910 770"
"Reality NEBE";info@realitynebe.cz;"272 690 909"
"REALITY NEXI";andrea.hlavackova@nexi.cz;"602 313 643"
"Reality Nil";info@realitynil.cz;
"Reality Novák";reality.novak@email.cz;"608 127 979"
"Reality ONE";zlin@reality-one.cz;"577 700 000"
"Reality Ortová";info@realityortova.cz;"775 288 775"
"Reality Pec, s.r.o.,";info@realitypec.cz;"777 949 335"
"Reality Pod čepicí s.r.o.";kukusik@pod-cepici.cz;"737 889 706"
"Reality Pollak";pollak@realitypollak.cz;"252 544 099"
"Reality Pomazal s.r.o.";pomazal@realitypomazal.cz;"731 478 198"
"Reality PROSTOR s.r.o.";info@realityprostor.cz;"281 910 232"
"Reality Radomíra Nechánská";maklerkaradka@seznam.cz;"734 111 584"
"Reality se zárukou s.r.o.";office@realitysezarukou.cz;"727 989 523"
"Reality Sedmička s.r.o.";info@realitysedmicka.cz;"770 121 211"
"Reality UHER";reality@tomasuher.cz;
"Reality Vařeková";renata.varekova@email.cz;"776 567 440"
"reality VAŠATOVÁ s.r.o.";marketa@reality-vasatova.cz;"773 123 092"
"Reality Večerka s.r.o.";omegapraha@seznam.cz;"734 700 705"
"Reality Viktora";info@realityviktora.cz;"775 079 785"
"Reality Vysočina s.r.o.";info@realityvysocina.com;"722 774 534"
"Reality Wrightová &amp; Partner, s.r.o.";wrightovaapartner@realitywap.cz;"+420 725 293 135"
"Reality Zemanová";sprava.nemovitosti@seznam.cz;"+420 608 473 229"
"Reality Zifčáková";info@michaelazifcakova.cz;"+420 777 232 742"
"REALITY Čechy a Morava, s.r.o.";info@realitycm.cz;"602 882 702"
"REALITY ČR Karel Papoušek";info@realitycr.com;"567 321 971; 608 913 119"
"REALITY ČR Karel Papoušek Jihlava";info@realitycr.com;"777 582 338"
"REALITY Špirka s.r.o.";info@realityspirka.cz;"731 513 407"
"Reality Žižka";realityzizka@gmail.com;"775 312 424"
RealityA1;info@realityA1.cz;"604 207 200"
"RealitySisi s.r.o.";pavlova@realitysisi.cz;"723 921 983"
REALITYSPOLU;realityspolu@bcas.cz;"+420 800 100 164"
"RealLocate s.r.o.";info@reallocate.cz;"+420 604 189 964"
"REALmix s.r.o.";realmix@realmix.cz;"+420 775 077 502"
Realog;info@realog.cz;"299 140 350"
"REALTY FOCUS";recepce@realtyfocus.cz;
"REBA Reality s.r.o.";basl@rebareality.cz;"770 100 155"
"REBELLION s.r.o.";info@rebellion.cz;"602 961 353"
"REDOT, s.r.o.";redot@redot.cz;"739 222 222"
"Regionální kancelář Jeseník";filip.guzej@rkfinpos.cz;"733 331 325"
"RELIA Pardubice";malek@relia.cz;
"Relia reality";reality@relia.cz;"775 84 86 84"
"RELIA s.r.o.";reality@relia.cz;"+420 485 103 135"
"Relia Teplice";cechova@relia.cz;
"RELITAS - realitní asociace s.r.o.";info@relitas.cz;"723 835 390"
"RENČ s.r.o.";kostrhun@renc.cz;"603 846 609, 538 711 788"
"REX Jaroměř";info@rex-jaromer.cz;"777 781 051"
"Rezidence Klíčov";info@rezidenceklicov.cz;"225 337 337"
"Riff, s.r.o.";info@riff.cz;"546 210 456"
"RK Berny";info@rkberny.cz;"603 595 125"
"RK CHALUPA s.r.o.";petr.stavicek@rkchalupa.cz;"386 359 068"
"RK Fokus s.r.o.";info@rkfokus.cz;"776 050 403"
"RK FÉNIX, s.r.o.";brno@rkfenix.cz;"737 274 218"
"RK Kotek s.r.o.";info@rkkotek.cz;"725 293 248"
"RK Maximum";info@rkmaximum.cz;"241 412 663"
"RK NIKA s.r.o.";vrtilka@rknika.cz;"481 320 590"
"RK Petrůj";vladan@rkpetruj.cz;"+420 602 894 888"
"RK Realvize s.r.o.";realvize@realvize.cz;"725 293 597"
"RK SALZMANN";rk@salzman.cz;"+420 377 222 809"
"RK Stejskal &amp; Šandera s.r.o.";stejskal@rkstejskal.cz;"722 822 722"
"RK23 – REALITNÍ KANCELÁŘ";info@rk23.cz;"605 889 900"
"Robert Málek";info@robertmalekreality.cz;"777 083 668"
"Rodley s.r.o.";milovice.byty@seznam.cz;"776 005 511"
"Roubenky.cz s.r.o.";tandrle@volny.cz;
"RSQ CZ s.r.o.";info@rsq.cz;"702 076 616"
"Rudolf Reality";poptavky.rudolf@post.cz;"602 357 754"
"RUSSEGGER REAL s.r.o.";info@russegger.cz;"+420 733 525 123"
"Saffron reality s.r.o.";info@saffronreality.cz;"608 608 010"
"SARTO-realitní kancelář";reality@sarto.cz;603887221
"SATPO - SATPO management, s.r.o.";prodej@satpo.cz;"702 205 205"
"saxo reality s.r.o.";info@saxoreality.cz;"602 312 850"
"Sekyra Group, a.s.";prodej@sekyragroup.cz;"800 411 111"
"Servio s.r.o.";info@servio.cz;"723 939 930"
"SIJAN reality";info@sijan.cz;"739 248 596"
"Slezské Reality";kovalova@slezskereality.cz;"725 747 088"
"SMS reality s.r.o.";info@smsreality.cz;"733 399 877"
"SOCCER REALITY s.r.o.";info@soccer-reality.cz;"+420 777 276 667"
"Solom group s.r.o.";info@solomgroup.cz;"+420 606 777 063"
"Sophia Rakušanová";sophia@rakusanova.com;"602 546 916"
"SORENT-CB s. r.o.";romana.kolarova@sorent.cz;
"Soukromá inzerce - Gabriela Šilarová";gabi.a@centrum.cz;
"Soukromá inzerce - Jan Vinkler";liben820@seznam.cz;"+420 777 940 509"
"Soukromá inzerce - Miluše Hediger";mila2000@volny.cz;
"Soukromá inzerce RealityMIX.cz";info@realitymix.cz;
"SOUKUP &amp; PARTNERS s.r.o.";info@spartners.cz;"774 422 411"
"Soňa Kloser Mančíková reality s.r.o.";sonamancikova1@gmail.com;"724 591 943"
"SPECIAL REALity s.r.o.";info@specialreality.cz;"773 833 877"
"Společná realitní s. r. o.";info@spolecnarealitni.cz;"773 992 310"
"Správa investic a nemovitostí s.r.o.";info@sian.cz;"555 333 794"
"stavba&amp;design s.r.o.";sadil@stavba-design.cz;"777 333 030"
"Sterling reality s.r.o.";;
"STING Reality s.r.o.";trinec@rksting.cz;"558 987 101"
"Stone &amp; belter reality s.r.o.";info@sabreality.cz;"608 889 601"
"Stálý Nájem";inzerce@stalynajem.cz;"+420 246 034 312"
"Středočeské Bydlení s.r.o.";reality@robertmacho.cz;"775 572 535"
"Středočeské reality, spol. s r.o.";info@screality.cz;"222 981 904"
"Surovec &amp; Partners | Real estate s.r.o.";info@tomassurovec.cz;"731 765 724"
"Svatava Dlouhá - Realitní kancelář";sdlouha@email.cz;"+420 724 275  297"
"Svoboda bydlení s.r.o.";info@svoboda-bydleni.cz;"737 211 374"
"Swiss Life Select Reality";info-reality@swisslifeselect.cz;"+420 800 775 577"
"Síť Realit.cz";info@sitrealit.cz;"+420 252 549 403"
"TAURUM reality s.r.o.";reality@taurum.cz;"720 704 275"
"The Brokers s.r.o.";info@thebrokers.cz;"773 566 984"
"Tibi reality - realitní kancelář";realitytibi@gmail.com;"720 222 823"
"TIDE REALITY s.r.o.";info@tide.cz;"224 914 914"
"Tomáš Lenner";tomas.lenner@seznam.cz;"+420 725 896 111"
"Toni Real s.r.o";tonireal@tonireal.cz;"731 639 745"
"TONZA REALITY spol. s r.o.";info@bydlet.com;"608 661 663"
"TOP MAKLÉŘKY";kancelar@topmaklerky.cz;773472129
"TOTU reality s.r.o.";tucekmarian@totureality.cz;"602 488 122"
"Transferium s.r.o.";info@transferium.eu;"777 844 644"
"TRIGA reality s.r.o.";info@trigareality.cz;"+420 774 777 073"
"Trigema Development s.r.o.";prodej@trigema.cz;"800 340 350"
"Triáda - realitní kanceláře - centrála";turnov@triada-reality.cz;"481 311 122"
"TRIÁDA realitní kanceláře - Turnov";;
"Tuzemská realitní s.r.o.";info@tuzemskarealitni.cz;"774 968 623"
"TÝMOVĚ s.r.o.";jana.princova@tymove.cz;
"U.T.C. PROPERTIES s.r.o.";tresnovka@utc.cz;"777 324 285"
"UH PANORAMA realitní kancelář";firma@uhpanorama.cz;
"UNIDEBT Czech, SE";unidebt@seznam.cz;
VATOREAL;info@vatoreal.cz;"800 100 994"
"Vaše finance a reality, s.r.o.";info@vasefinancereality.cz;"777 947 338"
"VeraEstate s.r.o.";info@veraestate.cz;"604 727 523"
"VERTIGO REALITY";vertigozidelova@seznam.cz;"777 307 218"
"Vesta realitní kancelář s.r.o.";info@rkvesta.cz;"412 514 521"
"Victory holding a.s.";blahova@vholding.cz;"737 888 500"
"Vilímková Reality";kancelar@vilimkovareality.cz;"+420 602 846 940"
"Vimmo – Vogel Immobilien s.r.o.";info@vimmo.cz;"775 990 227"
"VIOLET REAL s.r.o.";info@violetreal.cz;"725 422 155"
"VIP service";vipservice@reality-vipservice.cz;"603 114 754"
"VITOM a.s.";info@vitom.cz;"545 176 189"
"Vivian Vlasta Antalová";antalova-reality@seznam.cz;
"VKT Consulting s.r.o.";vidlakova@vktconsulting.cz;"774 441 469"
"VLTAVÍN REALITY A FINANCE s.r.o.";info@vltavinreality.cz;"602 402 502"
"VOYTA reality s.r.o.";info@voytareality.cz;"607 256 046"
"VZP ČR";kristina.konecna@vzp.cz;
"VÁŠ DOMOVNÍK s.r.o.";info@vasdomovnik.cz;"+420 775 545 495"
"Vít Kadlec - REALITY CENTRUM PRAHA";info@realityprodej.cz;"607 526 834"
"VÝBĚR REALITY, s.r.o.";info@vyber-reality.cz;"222 211 111"
"VČRF Reality";info@vcrfreality.cz;
"Williams &amp; Cruise trading s.r.o.";;"734 222 299"
"WJERA GROUP s.r.o.";sebankova@seznam.cz;"604 737 864"
"WOW Reality s.r.o.";plzen@krausovareality.cz;"603 863 785"
www.znojmoreality.cz;info@znojmoreality.cz;"+420 515 221 413"
"XREAL, s.r.o.";ales.zeman@xreal.cz;"777 135 945"
"Zafix s.r.o.";info@zafix.cz;"602 304 070"
"ZAPA reality, s.r.o.";rkzapa@volny.cz;"257 325 117"
"Zdeněk Polesný";info@zdenekpolesny.cz;"777 852 905"
"Zeus - realitní kancelář s.r.o.";zeusreality@zeusreality.cz;"603 709 624"
"Zimmer Reality";zimmer@reality-proradost.cz;"+420 777 325 801"
"Ziprosprav s.r.o.";info@ziprosprav.cz;"+420 603 143 590"
"Znalecká a poradenská kancelář s.r.o.";lubos.brambora@zapk.cz;"778 747 356"
"ZNALECKÁ A REALITNÍ KANCELÁŘ";Krch@volny.cz;"602 216 832"
"ZOOM Reality, s. r. o.";info@rkzoom.cz;"+420 608 443 444"
"ZORESTA, s.r.o.";info@zoresta.cz;"572 540 056"
"Úspory a služby s.r.o.";vavricka@usporyasluzby.cz;"724 050 175"
"Českomoravská realitní a.s.";info@cmr.cz;"800 400 109"
"ČESKÁ REALITNÍ SPOLEČNOST s.r.o.";machacek@ceskarealitnisro.cz;"777 979 426"
"Česká Společnost Realitní / ALDAMAR, s.r.o.";aldamar@csrealitni.cz;
"Česká Společnost Realitní / Dagmar Jánská";dagmarjanska@csrealitni.cz;"605 292 425"
"Česká Společnost Realitní / FRESH REALITY FINANCE, s.r.o.";freshreality@csrealitni.cz;
"Česká Společnost Realitní / Hana Lerchová";HLerchova@csrealitni.cz;"+420 608 445 005"
"Česká Společnost Realitní / Jura ex alto s.r.o.";juraexalto@csrealitni.cz;
"Česká Společnost Realitní / Michal Kriška";mkriska@csrealitni.cz;
"Česká Společnost Realitní / Nemovitosti pozemky s.r.o.";nemovitosti@csrealitni.cz;
"Česká Společnost Realitní / Nemovitosti pozemky s.r.o. (Zlín)";;
"Česká Společnost Realitní / Nemovitosti pozemky s.r.o. (Znojmo)";;"+420 778 540 540"
"Česká Společnost Realitní / Prodej a Správa Nemovitostí s.r.o.";pasn@csrealitni.cz;"226 254 595"
"Česká Společnost Realitní s.r.o.";info@csrealitni.cz;"+420 800 775 775"
"ČSNF Group, a.s.";info@csnf.cz;"774 277 919"
"Šedivá finance s.r.o.";info@sediva.cz;"733 644 122"
"ŠEPEL REALITY &amp; CO.";sepel@sepelreality.cz;"737 812 700"
"ŠMÍD &amp; PARTNERS";info@smidpartners.cz;"777 088 810"
"Šolc REALITY s.r.o.";info@solork.cz;"220 515 440, 233 352 063, 233 357 071"
"Štěpán Pecák";stepanpecak@stepanpecak.cz;"724 280 757"
"Štěpánka Pourová";info@pourovareality.cz;
"Šumavská realitka";korcova@sumavskarealitka.cz;"+420 724 834 692"
"Švára reality";info@svarareality.cz;"+420 776 804 433"
"ŠÁMAL Reality s.r.o.";pavel.samal@seznam.cz;"778 088 548"
