Název;E-mail;Telefon
"A-KING REALITY s.r.o.";a-king@a-king.cz;"542 211 114"
Aktivreality;jitka.horackova@aktivreality.cz;"603 934 110 , 774 730 883"
Burdareality;burda@burdareality.cz;"608 958 634"
"City Home - SATPO management, s.r.o.";info@city-home.cz;"606 093 093"
"COLOSEUM NEMOVITOSTI s.r.o.";info@rkcoloseum.cz;"800 536 536 , 720 212 303"
"eDO reality, s.r.o.";lkunc@edoreality.cz;
"Elite Management, realitní společnost s.r.o.";info@elitemanagement.cz;
"ERA Centrum - PRAHA";rene.treu@era-reality.cz;"602 433 940"
"GEPARD REALITY AB Domus";jana.studena@gpre.cz;"739 500 590"
"GEPARD REALITY Absoluta Real";absoluta@gpre.cz;"267 314 470"
"GEPARD REALITY Boars";boars@gpre.cz;"777 072 436"
"GEPARD REALITY Dream";marketa.misikova@gpre.cz;"734 799 448"
"GEPARD REALITY ILIĆ REALITY";ilicreality@gpre.cz;"777 022 295"
"GEPARD REALITY Kuba's Eleven s.r.o.";jakub.parak@gpre.cz;"603 859 671"
"GEPARD REALITY Living";marketa.misikova@gpre.cz;"605 786 112"
"GEPARD REALITY Motyčka Reality a Finance s.r.o.";petr.motycka@gpre.cz;"603 552 698"
"GEPARD REALITY Nesreality";lukas.nesvadba@gpre.cz;"604 164 724"
"GEPARD REALITY New Home";josef.krizenecky@gpre.cz;"732 136 864"
"GEPARD REALITY Omega Real";omega@gpre.cz;"731 682 238"
"GEPARD REALITY REALITY MARATHON";ivana.gaspar@gpre.cz;"725 646 196"
"GEPARD REALITY REALITY MUZEJKA";olga.jarosova@gpre.cz;"604 232 218"
"GEPARD REALITY Specialisté na bydlení";vaclav.louzecky@gpre.cz;
"GEPARD REALITY Tobi reality a finance";magdalena.soukupova@gpre.cz;"732 677 316"
"GEPARD REALITY Česká hypoteční reality";radek.barva@gpre.cz;"777 152 003"
"HORREN  s. r. o.";info@horren.cz;"221 719 041"
"House ViP, s.r.o.";info@housevip.cz;
"JRS real s.r.o.";info@jrsreal.cz;"774 999 016"
"JURIS REAL spol. s r.o.";teichmann@rkjuris.cz;"777 306 103"
"KOVA Reality - Specialista na Prahu 5";kova@kova.cz;"257 223 322"
"M&amp;M reality holding a.s.";info@mmreality.cz;"800 100 446"
"metr2 reality s. r. o.";marketing@metr2reality.cz;"585 430 430 , 603 101 838"
"Molík reality s.r.o.";tovor12@gmail.com;"777 090 011"
"Moovido s.r.o.";sobelova@rubyreal.cz;"778 113 773"
"Moravská stavební - INVEST, a.s.";polachova@ms-invest.cz;"511 188 888"
"N.I.K.A..-realitní kancelář";mincirska@gmail.com;"602 277 604"
"ORION Realit, s.r.o.";info@orionreal.cz;"739 544 411"
"PALLADIO CONSULTING, spol.s r.o.";palladioconsulting@seznam.cz;"224 817 803"
"PINK REALITY, s. r. o.";info@pinkreality.cz;"776 226 222"
"PROKONZULTA, a.s.";info@prokonzulta.cz;"543 255 515"
"RE/MAX MONARCHA";monarcha@re-max.cz;"777 235 428"
"REAL BOX PÍSEK, spol. s r.o.";vazacova@justo.cz;"739 244 193"
REAL-INVEST-RK;Info@realinvest-rk.cz;"775 577 927 , 731 594 871"
"REALHOF správa, s.r.o.";jitka.horka@realhof.cz;"774 291 774"
"Realitní kancelář Donna s.r.o.";info@donnareality.cz;"737 284 117"
"Realitní společnost města Brna a.s.";info@drazby-brno.cz;"732 225 222"
"Reality Dvořák s.r.o.";dvorak@realitydvorak.cz;"732 903 030"
"Reality Pod čepicí s.r.o.";kukusik@pod-cepici.cz;"737 889 706"
"Reality Vodenka";jan.vodenka@volny.cz;"222 961 819 , 608 981 561"
REALITYSPOLU;realityspolu@bcas.cz;"800 100 164"
"REALmix s.r.o.";david@realmix.cz;"775 077 502"
"RK NIKA s.r.o.";rknika@rknika.cz;"481 320 590 , 777 944 355"
"SATPO - SATPO mangement. s.r.o.";info@satpo.cz;"702 205 205"
"Soccer Reality s.r.o.";info@soccer-reality.cz;"777 276 667 , 775 256 550"
"SORENT - CB s.r.o.";sorentcb@sorent.cz;"777 235 528"
"Správa majetku odborových svazů kultury";pronajmy@k-centrum.cz;"224 142 313"
"Svoboda bydlení s.r.o.";jirka@svoboda-bydleni.cz;"737 211 374"
"Swiss Life Select a.s.";info-reality@swisslifeselect.cz;
"TIDE REALITY s.r.o.";pavel.velebil@tide.cz;"224 923 182"
"TÝMOVĚ s.r.o.";jana.princova@tymove.cz;"774 870 979"
"Věra Benáková";vbenakova73@gmail.com;"604 727 523 , 604 727 523"
"Úvěrové Centrum Reality s.r.o.";kancelar@uverovecentrum.cz;"606 365 367"
"Česká Společnost Realitní / ALDAMAR, s.r.o.";aldamar@csrealitni.cz;"725 315 599"
"Česká Společnost Realitní / Dagmar Jánská";dagmarjanska@csrealitni.cz;"605 292 425"
"Česká Společnost Realitní / Divize nemovitostí s.r.o.";divizenemovitosti@csrealitni.cz;"731 808 478"
"Česká Společnost Realitní / FRESH REALITY FINANCE, s.r.o.";freshreality@csrealitni.cz;"720 620 320"
"Česká Společnost Realitní / Hana Lerchová";HLerchova@csrealitni.cz;"608 445 005"
"Česká Společnost Realitní / Jura ex alto s.r.o.";juraexalto@csrealitni.cz;"604 946 831"
"Česká Společnost Realitní / Michal Kriška";mkriska@csrealitni.cz;"603 140 555"
"Česká Společnost Realitní / Nemovitosti pozemky s.r.o.";nemovitosti@csrealitni.cz;"778 540 540"
"Česká Společnost Realitní / Prodej a Správa Nemovitostí s.r.o.";pasn@csrealitni.cz;"800 775 775"
