Název;E-mail;Telefon
"1. Chodská realitní kancelář v.o.s.";reality@chodska-realitni.cz;(+420) 379 722 068
"1. Nonstop Reality";info@nonstopreality.cz;(+420) 564 565 799
"1. Zbraslavská realitní kancelář";info@1z.cz;(+420) 810 200 200
"1.opavská realitka s.r.o.";1realitka@1re­alitka.cz;(+420) 553 716 551
"100klíčů, a.s.";info@100klicu.cz;(+420) 601 100 111
"AB Domus s.r.o.";info@abdomus.cz;(+420) 800 888 903
"AB-RAKO s.r.o.";info@abrako.cz;(+420) 777 947 793
"AC Real, s.r.o.";acreal@acreal.cz;(+420) 800 442 442
"AD4 development s.r.o.";info@bytymoskevska.cz;(+420) 702 103 804
"ADOMUS s.r.o.";info@adomus.cz;(+420) 800 707 707
"Advance reality";radmila.hladna@advancereality.cz;(+420) 777 742 647
"Aequitas Real Estate s.r.o.";realestate@aequitascapital.eu;(+420) 737 382 951
"AGENTURA ZVONEK CZ s.r.o.";agentura@zvonek.cz;(+420) 577 200 100
"Agil, realitní kancelář";agil@email.cz;(+420) 545 215 188
"Alena Kutálková Reality";alenakutalkova@seznam.cz;(+420) 607 816 727
"Alexiss group s.r.o.";info@alexiss.cz;(+420) 725 807 230
"All In Reality";info@allin-reality.cz;(+420) 731 407 412
"Allrisk reality & finance, a.s.";info@allriskreality.cz;(+420) 545 110 341
"Allrisk reality & finance, s. r. o.";rktrebic@allrisk.info;(+420) 568 840 417
"Allrisk reality & finance, s. r. o.";info@allrisk.cz;(+420) 724 757 908
"Allrisk reality & finance, s. r. o.";reality@allrisk.cz;(+420) 775 559 414
"Allrisk, s. r. o.";belickova.jana@allrisk.info;(+420) 222 315 384
"ALOHA Team";ivan.borek@aloha-team.cz;(+420) 606 711 111
"ALVA REAL, s.r.o.";info@alvareal.cz;(+420) 543 217 040
"Ambienten VIP s.r.o.";info@ambienten.cz;(+420) 733 525 123
"Ambra real s.r.o.";info@ambrareal.cz;(+420) 601 307 905
"Apollo reality";apollo@zlinsko.com;(+420) 572 630 606
"Areality Vysočina s.r.o.";info@arealityvysocina.cz;(+420) 724 283 544
Artemis;artemisov@artemisov.cz;(+420) 737 555 125
"ARTES, s.r.o.";info@artes-reality.cz;(+420) 224 235 653
"ARTOSS realitní kancelář, s.r.o.";brno@artossreality.cz;(+420) 725 885 110
"ATDK Real, spol. s r.o.";atdk@atdk.cz;(+420) 222 363 920
"ATELIER 09";kratka@atelier09.cz;(+420) 608 438 757
"ATON reality s.r.o.";info@atonreality.cz;(+420) 736 644 412
"ATRIM, spol. s r.o.";petr@atrim.cz;(+420) 603 490 297
Atrio;daniel.burock@atrio.cz;(+420) 235 361 403
"AVE JH s.r.o.";avejh.rk@gmail.com;(+420) 774 144 117
"AvrioReal s.r.o.";abrahamek@avrioreal.cz;(+420) 734 411 160
"AW - reality s.r.o.";info@awreality.cz;(+420) 731 410 783
"AXIOS Reality";skacelova.real@seznam.cz;(+420) 723 113 809
"AZET reality";info@azetreality.cz;(+420) 730 430 917
"AZURO reality - Lenka Zapletalová";azuroreality@azuroreality.cz;(+420) 603 559 778
"BC Commerce s.r.o.";info@bccommerce.cz;(+420) 601 594 744
"BEN realitní kancelář s.r.o.";info@benreality.cz;(+420) 724 919 490
"Bernecker reality s.r.o.";info@bernecker.cz;(+420) 495 534 888
"Beruška realitní kancelář s.r.o.";info@rkberuska.cz;(+420) 596 714 571
"Beruška realitní kancelář s.r.o.";praha@rkberuska.cz;(+420) 607 073 819
"Beruška realitní kancelář s.r.o.";ostrava@rkberuska.cz;(+420) 777 021 502
"BEST BYT, s.r.o.";bestbyt@email.cz;(+420) 776 440 684
"best-reality.cz, s.r.o.";best-reality@seznam.cz;(+420) 733 626 262
"Beták reality";info@betak-reality.cz;(+420) 777 946 898
"BIDLI reality, a.s.";info@bidli.cz;(+420) 774 110 007
"BLACK SEA, s.r.o.";blacksea@atlas.cz;(+420) 267 311 582
"BO! reality a finance s.r.o.";info@boreality.cz;(+420) 725 808 080
"Bohemia servis spol. s r.o.";pardubice@bohemiaservis.com;(+420) 724 075 838
"BRAVIS REALITY, s.r.o.";bravis@bravis.cz;(+420) 773 400 444
"BrnoReal, s.r.o.";info@brnoreal.cz;(+420) 604 374 456
"Brněnský zvonec - reality  s.r.o.";reality@brnenskyzvonec.cz;(+420) 541 219 550
"Bruntálské reality";bruntalskereality@seznam.cz;(+420) 721 885 369
"BUĎA Reality";buda-reality@centrum.cz;(+420) 773 288 833
"Bydlení Tábor";zvonek@bydlenitabor.cz;(+420) 777 643 525
"C-M PrimaReal, s.r.o.";info@primareal.cz;(+420) 485 217 149
"CENTURY 21 4 best living";jakub.krejcik@century21.cz;(+420) 604 256 986
"CENTURY 21 4fin Reality";info.reality@4fin.cz;(+420) 226 256 126
"CENTURY 21 4fin Reality";info.reality@4fin.cz;
"CENTURY 21 4fin Reality";www.4finreality.cz;(+420) 226 256 126
"CENTURY 21 4fin Reality Teplice";info.reality@4fin.cz;(+420) 226 256 126
"CENTURY 21 4Plus";robert.muller@4fin.cz;(+420) 608 237 004
"CENTURY 21 Airport";airport@century21.cz;(+420) 602 194 939
"CENTURY 21 Alex";alex@century21.cz;(+420) 734 799 322
"CENTURY 21 All Inclusive";allinclusive@century21.cz;(+420) 734 799 444
"CENTURY 21 AZ Reality";azreality@century21.cz;(+420) 244 472 027
"CENTURY 21 Berounka Reality";berounkareality@century21.cz;(+420) 724 048 122
"CENTURY 21 Birdie Reality";asiyat.kalusova@century21.cz;(+420) 777 163 663
"CENTURY 21 Bonus Brno";bonusbrno@century21.cz;(+420) 538 728 645
"CENTURY 21 Corleon";marek.cihak@century21.cz;(+420) 723 835 334
"CENTURY 21 CV Real";michaela.vesela@century21.cz;(+420) 731 033 405
"CENTURY 21 Diamonds";diamonds@century21.cz;(+420) 732 131 502
"CENTURY 21 Dream";dream@century21.cz;(+420) 734 799 448
"CENTURY 21 Dream kontaktní místo";dream@century21.cz;(+420) 734 799 448
"CENTURY 21 Dream Praha";dreampraha@century21.cz;(+420) 607 000 021
"CENTURY 21 Elite Reality";elitereality@century21.cz;(+420) 734 799 209
"CENTURY 21 Excellent Reality.";excellentreality@century21.cz;(+420) 739 353 732
"CENTURY 21 Facon Reality";ales.facon@century21.cz;(+420) 605 269 768
"CENTURY 21 FairTrade";www.century21.cz;(+420) 775 098 880
"CENTURY 21 General";general@century21.cz;(+420) 604 271 207
"CENTURY 21 GWAK Consulting";ales.kalus@century21.cz;(+420) 603 345 917
"CENTURY 21 Happy Investment";happyinvestment@century21.cz;(+420) 606 618 991
"CENTURY 21 Harmony";marek.cihak@century21.cz;(+420) 723 835 334
"CENTURY 21 Imagine Housing";ladislav.blazek@century21.cz;(+420) 602 324 594
"CENTURY 21 Indigo Reality";nikola.schwarzbachova@century21.cz;(+420) 604 801 729
"CENTURY 21 K&L Reality";lucie.nemcova@century21.cz;(+420) 777 799 729
"CENTURY 21 Kobler Reality";koblerreality@century21.cz;(+420) 739 670 741
"Century 21 Lofty Kolbenova";loftykolbenova@century21.cz;(+420) 734 239 851
"CENTURY 21 OK Centrum";okcentrum@century21.cz;(+420) 774 355 066
"CENTURY 21 Partner Liberec";partner.liberec@century21.cz;(+420) 702 022 120
"CENTURY 21 Perfect Property";agil.askerov@century21.cz;
"CENTURY 21 Premium";premium@century21.cz;(+420) 420 603 892
"CENTURY 21 Real Servis";realservis@century21.cz;(+420) 222 542 103
"CENTURY 21 Real Tip";realtip@century21.cz;(+420) 702 267 050
"CENTURY 21 Real4Life";diana.holanova@century21.cz;
"CENTURY 21 Realitas Central";realitas@century21.cz;(+420) 608 666 555
"CENTURY 21 Realitas Central";realitascentral@century21.cz;(+420) 608 666 555
"Century 21 Realitas Central Lužiny";realitascentral-luziny@century21.cz;(+420) 608 666 556
"CENTURY 21 Reality Snů";realitysnu@century21.cz;(+420) 608 777 084
"CENTURY 21 Relax";relax@century21.cz;(+420) 731 116 277
"CENTURY 21 RN Real";rnreal@century21.cz;(+420) 725 176 296
"CENTURY 21 Ruby";ruby@century21.cz;(+420) 603 488 499
"CENTURY 21 STEREO Reality";milan.krucek@century21.cz;(+420) 602 255 514
"CENTURY 21 Style happy";stylehappy@century21.cz;(+420) 573 333 780
"Century 21 Synergy";synergy@century21.cz;(+420) 777 339 287
"CENTURY 21 Tandem";tandem@century21.cz;(+420) 224 267 544
"CENTURY 21 The Most Reality";jan.svitavsky@century21.cz;(+420) 608 916 164
"CENTURY 21 Vaše Reality";vasereality@century21.cz;(+420) 420 722 002
"CENTURY 21 Villa 4Human";linda.schumpeter@century21.cz;(+420) 606 790 093
"CENTURY 21 Váš realitní partner";vasrealitnipartner@century21.cz;(+420) 774 980 366
"CENTURY 21 West";west@century21.cz;(+420) 725 293 215
"CM reality";foretek@cmreality.cz;(+420) 777 619 939
"COLOSEUM NEMOVITOSTI s.r.o.";info@rkcoloseum.cz;(+420) 800 536 536
"Comfort Real";monika.sedlakova@comfortreal.cz;(+420) 777 148 332
"Consult VK Litomyšl s.r.o.";karlikova@consultvk.cz;(+420) 461 612 671
"CONTENT REALITY s.r.o.";info@contentreality.cz;(+420) 272 142 234
"CREDO REAL GROUP a.s.";sekretariat@credoreal.cz;(+420) 722 455 455
"Czech Estates Company s.r.o.";info@czech-estates.cz;(+420) 731 880 079
D-reality.cz;info@d-reality.cz;(+420) 777 080 703
"Dabal s.r.o.";dabal@dabalreality.cz;(+420) 545 577 240
"DAKO reality, Mgr. Dagmar Kováčová";dakoreality@email.cz;(+420) 736 490 078
"Dalphen Reality";info@dalphen.cz;(+420) 596 112 905
"David Benák reality";davidbenak@seznam.cz;(+420) 602 293 238
"DEGRAS s.r.o. realitní agentura";degras@volny.cz;(+420) 596 114 396
"DELTA REAL";deltareal@deltareal.cz;(+420) 583 216 638
"DEREKA, s.r.o.";jaroslav.susta@email.cz;(+420) 605 232 999
"detail reality s.r.o.";info@detail-reality.cz;(+420) 777 604 568
"Diamant real s.r.o.";rybkova@diamantreal.cz;(+420) 777 769 425
"DiaStyle Reality";info@diastylereality.cz;(+420) 737 953 295
"DIMAS realitní kancelář";v.kollmann@email.cz;(+420) 585 342 922
"DIVERSE Reality, s.r.o.";reality@diverse.cz;(+420) 601 103 103
"Dobrébydlení Trading s.r.o.";martinsima@dobrebydleni.cz;(+420) 777 686 386
"DOMA realitní makléři";jsme@domamakleri.cz;(+420) 734 510 903
DOMINO;d.kupec@dominochodov.cz;(+420) 608 963 540
"DOMITREK REALITY";reality@domitrek.cz;(+420) 321 671 959
"Donetta s.r.o.";donetta@donetta.cz;(+420) 495 530 060
"Dream House Reality s.r.o.";info@dreamhousereality.cz;(+420) 222 948 258
"DRINK realitní kancelář";reality@re­ality-drink.cz;(+420) 326 727 069
Dumrealit.cz;info@dumrealit.cz;
"Duna House";michelska@dhreality.cz;(+420) 222 362 433
"Duo Bydlení";duocechova@seznam.cz;(+420) 235 312 697
"DUO Real";jirina@duoreal.cz;(+420) 267 310 766
"DVL Brno reality";info@dvl.cz;(+420) 602 501 388
"DVOŘÁK REALITY s.r.o.";info@dvorakreality.cz;(+420) 774 807 041
"Dvořák&Petrášková reality";dvorak@dmpl.cz;(+420) 607 729 755
"e-drazby.cz s.r.o.";info@e-drazby.cz;(+420) 603 866 579
"ECON REAL s.r.o.";info@econreal.cz;(+420) 607 990 651
"eDO reality, s.r.o.";info@edoreality.cz;(+420) 778 431 479
"Efekt Reality";info@efektreality.cz;(+420) 777 630 151
"Ekoma Finanční Poradna s.r.o";info@ekoma.cz;(+420) 724 819 381
"EKOS, s.r.o.";ekos_info@centrum.cz;(+420) 377 326 916
"EMBRA Correct, a.s.";reality@byty-jehnice.cz;
"ERA Alka";eraalka@era-reality.cz;(+420) 233 330 060
"ERA ALL IN ONE";eraallinone@era-reality.cz;(+420) 730 530 003
"ERA CENTRAL";eracentral@era-reality.cz;(+420) 777 770 677
"ERA Patriot";erapatriot@era-reality.cz;(+420) 602 627 652
"ERA REALPATRIA";erarealpatria@era-reality.cz;(+420) 739 628 779
"ESKO-MAX s.r.o.";eskomax@eskomax.cz;(+420) 775 116 228
"EU-Grand s.r.o.";info@vdfreality.cz;(+420) 604 723 312
"Euro Reality Plzeň s.r.o.";callcentrum@euroreality.net;(+420) 605 132 128
Euro-Nemovitosti;info@euro-nemovitosti.net;(+420) 778 725 928
Euro-Nemovitosti;info@euro-nemovitosti.net;(+420) 723 934 303
"Eurobuilding Investment spol. s.r.o.";prodej@ebipraha.cz;(+420) 222 516 653
"EUROprojekt build and technology, s. r. o.";velicka@europrojekt-reality.cz;(+420) 596 789 479
"EVROPA realitní kancelár";pvproperty@rkevropa.cz;(+420) 739 811 888
"EVROPA realitní kancelář";havlbrod@rkevropa.cz;(+420) 608 824 283
"EVROPA realitní kancelář";kolin@rkevropa.cz;(+420) 602 219 219
"EVROPA realitní kancelář";www.rkevropa.cz;(+420) 605 810 888
"EVROPA realitní kancelář";zbraslav@rkevropa.cz;(+420) 737 234 570
"EVROPA realitní kancelář";liberec@rkevropa.cz;(+420) 485 113 322
"EVROPA realitní kancelář";;
"EVROPA realitní kancelář";pardubice@rkevropa.cz;(+420) 466 688 888
"EVROPA realitní kancelář";liben@rkevropa.cz;
"EVROPA realitní kancelář";zlin@rkevropa.cz;(+420) 731 875 022
"EVROPA realitní kancelář";decin@rkevropa.cz;(+420) 777 171 291
"EVROPA realitní kancelář";frydlant@rkevropa.cz;
"EVROPA realitní kancelář";prostejov@rkevropa.cz;(+420) 776 716 822
"EVROPA realitní kancelář";chomutov@rkevropa.cz;(+420) 777 339 291
"EVROPA realitní kancelář";pardubice.m@rkevropa.cz;(+420) 773 530 310
"EVROPA realitní kancelář";jh@rkevropa.cz;(+420) 602 470 548
"EVROPA realitní kancelář";teplice@rkevropa.cz;(+420) 603 774 555
"EVROPA realitní kancelář";brno@rkevropa.cz;(+420) 777 191 481
"EVROPA realitní kancelář";cheb@rkevropa.cz;(+420) 777 695 890
"EVROPA realitní kancelář";www.rkevropa.cz;(+420) 602 765 582
"EVROPA realitní kancelář";brnomesto@rkevropa.cz;(+420) 602 608 354
"EVROPA realitní kancelář";jihlava@rkevropa.cz;(+420) 722 929 280
"EVROPA realitní kancelář";trinec@rkevropa.cz;(+420) 736 480 919
"EVROPA realitní kancelář";kadan@rkevropa.cz;(+420) 774 860 097
"EVROPA realitní kancelář";www.rkevropa.cz;(+420) 604 138 836
"EVROPA realitní kancelář";martina.kozova@rkevropa.cz;(+420) 777 263 316
"EVROPA realitní kancelář";"+420 601 166 375";
"EVROPA realitní kancelář";blansko@rkevropa.cz;
"EVROPA realitní kancelář";pisek@rkevropa.cz;(+420) 771 201 390
"EVROPA realitní kancelář";vysokemyto@rkevropa.cz;(+420) 722 701 969
"EVROPA realitní kancelář";ceskebudejovice@rkevropa.cz;(+420) 725 413 936
"EVROPA realitní kancelář";pavel.stula@rkevropa.cz;(+420) 724 128 859
"EVROPA realitní kancelář";jicin@rkevropa.cz;(+420) 724 331 298
"EVROPA realitní kancelář";veselinl@rkevropa.cz;(+420) 777 367 367
"EVROPA realitní kancelář";hradec@rkevropa.cz;(+420) 495 214 574
"EVROPA realitní kancelář";ceskalipa@rkevropa.cz;(+420) 725 753 735
"EVROPA realitní kancelář";vyskov@rkevropa.cz;(+420) 605 247 968
"EVROPA realitní kancelář";ustinadlabem@rkevropa.cz;
"EVROPA realitní kancelář";;(+420) 704 595 825
"EVROPA realitní kancelář";praha2@rkevropa.cz;(+420) 774 150 773
"EVROPA realitní kancelář";ostrava@rkevropa.cz;(+420) 603 233 287
"EVROPA realitní kancelář";petr.bach@rkevropa.cz;(+420) 777 011 318
"EVROPA realitní kancelář Kamýk";praha4@rkevropa.cz;(+420) 731 679 200
"EVROPA realitní kancelář Karlín";karlin@rkevropa.cz;(+420) 770 101 155
"EVROPA realitní kancelář Nové Město";;
"EVROPA realitní kancelář Praha 9";;(+420) 724 045 129
"EVROPA realitní kancelář Vrchlabí";vrchlabi@rkevropa.cz;(+420) 420 499 423
Exdražby;info@exdrazby.cz;(+420) 740 774 636
"EXPLICIT REALITY s.r.o.";info@explicitreality.cz;(+420) 773 022 220
EXREALS,s.r.o.;petrtasch1@seznam.cz;(+420) 604 986 287
"Felix reality";info@felixreality.cz;(+420) 585 220 482
"FIEDLER REALITY s.r.o.";info@fiedlerreality.cz;(+420) 604 215 282
"Finance & Reality Lorenc s.r.o.";info@financelorenc.cz;(+420) 724 440 463
Finance-reality;hronec@finance-reality.cz;(+420) 354 627 209
"FINE REALITY, a.s.";praha@finereality.cz;(+420) 800 042 041
"FINE REALITY, a.s. - Olomouc";info@finereality.cz;(+420) 800 042 041
"Finpos realitní kancelář";centrala@rkfinpos.cz;(+420) 770 129 770
"Fish invest reality";mm.novak@post.cz;(+420) 720 945 524
"FLEXI REALITY s.r.o.";info@flexireality.cz;(+420) 725 653 500
Flyreality;pavel.karda@gmail.com;(+420) 604 860 500
"FORTEX-AGS, a.s.";kupcova@fortex-ags.cz;(+420) 602 531 103
"FORTUNA REALITY s.r.o.";sasinek@fortunasro.cz;(+420) 602 580 267
"FORTUNAE s.r.o.";fortunae@seznam.cz;(+420) 495 516 162
"Féroví makléři";martin.kozuch@ferovi-makleri.cz;(+420) 723 684 886
"Galaxy investments a.s.";tomas.karlik@galaxy-reality.cz;(+420) 702 001 715
"Garant reality";info@realitygarant.cz;(+420) 377 226 317
"Garanční fond bydlení";hk@byty-gfb.cz;(+420) 608 051 572
"Garanční fond bydlení";chrudim@byty-gfb.cz;(+420) 602 818 879
"Garanční fond bydlení";hka@byty-gfb.cz;(+420) 724 262 810
"GAUDÍ, s.r.o.";info@gaudi.cz;(+420) 224 229 944
"GAUTE, a.s.";gaute@gaute.cz;(+420) 541 213 390
"GAVLAS - aukční a realitní společnost";praha@gavlas.cz;(+420) 221 666 666
"GAVLAS - aukční a realitní společnost";ostrava@gavlas.cz;(+420) 777 744 990
"GAVLAS aukční a realitní společnost";brno@gavlas.cz;(+420) 532 162 162
"Geodézie Reality,s.r.o.";info@geodezie-reality.cz;(+420) 602 892 810
"Glanc REAL servis s.r.o.";kolblova@glancreal.cz;(+420) 605 253 660
"GLOBAL REALITY Hradec Králové s.r.o.";info@globalreality.cz;(+420) 495 518 830
"GLOBÁL, spol. s r.o.";info@realityglobal.cz;(+420) 377 226 048
"GOLDEN CUBE, s.r.o.";info@golden-cube.cz;(+420) 792 302 606
Goldenreal;licartovsky@goldenreal.cz;(+420) 739 395 672
"Good move s.r.o.";gavenda@good-move.cz;(+420) 725 707 826
"H & B REAL, a.s.";vsetin@hbreal.cz;(+420) 732 600 200
H-REALITY;h-reality@volny.cz;(+420) 387 750 333
"H2 Reality +";info@h2reality.cz;(+420) 725 293 500
"Hanácká realitní kancelář, spol. s r.o.";hrk@hrk.cz;(+420) 585 227 629
"Happy reality Soňa Mančíková";sonamancikova1@gmail.com;(+420) 724 591 943
"HARMONIS, s.r.o.";kletecka07@seznam.cz;(+420) 731 533 480
"HCN reality - Hrabák Cerman Nachtnebl";cerman@hcnreality.cz;(+420) 602 831 345
"Heimstaden Czech s.r.o.";info@heimstaden.cz;(+420) 840 114 115
"HELIX REALITY CZ s. r. o.";helix@helixreality.cz;(+420) 734 443 631
"HOME 4 PEOPLE, a.s.";;
"Horáková reality";horakova.reality@seznam.cz;(+420) 774 833 090
"HP realitní";info@hprealitni.cz;(+420) 723 288 536
"Hubacek REALITY";info@hubacekreality.cz;(+420) 777 095 511
"Huňková reality s.r.o.";info@marketa-hunkova.cz;(+420) 739 169 937
"HVB Real Estate s.r.o.";info@hvbreal.cz;(+420) 244 470 367
"HVB Real Estate s.r.o.";pisek@hvbreal.cz;(+420) 244 470 367
"I. KRKONOŠSKÁ REALITNÍ spol. s.r.o.";info@krkonose-reality.cz;(+420) 499 732 407
"I.E.T. REALITY s.r.o.";brno@iet-reality.cz;(+420) 542 422 340
"I.E.T. REALITY s.r.o.";ostrava@iet-reality.cz;(+420) 595 021 047
"I.E.T. REALITY s.r.o.";brno@iet-reality.cz;(+420) 222 310 399
"Idea Reality s.r.o.";info@idea-reality.cz;
"IDEAL REALITY";ideal-hk@idealnet.cz;(+420) 495 538 690
"IL REALITY";vaskova@ilreality.cz;(+420) 603 252 019
"iMm real";iveta@imm-real.cz;(+420) 608 684 152
IMMOBILIEN;kolbe148@seznam.cz;(+420) 608 148 051
"Imperium Reality, s.r.o.";info@imperiumreality.cz;(+420) 724 265 166
"In Premium s.r.o.";info@inpremium.cz;(+420) 725 293 218
"In reality Fryauf";fryauf@in-reality.cz;(+420) 602 698 099
"Ing. Vendula Haltofová, Reality Motýl";vendula@realitymotyl.cz;(+420) 733 455 777
"inKontakt s.r.o.";jedelsky@inkontakt.cz;(+420) 777 013 388
"INPRA KV, spol.s.r.o.";inprakv@volny.cz;(+420) 602 424 860
"InStyle Real Estate s.r.o";instyle@reality-instyle.cz;(+420) 604 924 103
"Intranec realitní kancelář";intranec@volny.cz;(+420) 602 403 144
"IPP Invest Real, a.s.";jiri.beranek@ippinvest.cz;(+420) 326 911 298
"iReality, s.r.o.";;(+420) 222 518 454
"ISHIHARA TRADING co., s.r.o.";ishihara@itc-real.com;(+420) 602 221 078
"ISSO - Inženýrské stavby";www.issosokolov.cz;(+420) 352 467 257
"Ivana Jirásková Reality";reality@realitninabidka.com;(+420) 519 416 135
"Jablonecká realitní kancelář";reality@jrk.cz;(+420) 602 116 773
"Jana Beckerová|Becker Reality";jana.beckerova@gmail.com;(+420) 737 541 166
"Jana Kubíková";reality@janakubikova.cz;(+420) 606 444 054
"Jaromír Nesládek Reality";n.reality@seznam.cz;(+420) 777 092 085
"Jaroš Real Estate s.r.o.";jmayrich@jaros-partners.cz;(+420) 721 889 434
"JDB REALITY";jdbprojekt@seznam.cz;(+420) 725 169 091
"JEŠTĚDSKÁ REALITNÍ";info@jestedska-realitni.cz;(+420) 485 105 932
"JH bosak bonix s.r.o";bosak.bonix@bonix.cz;(+420) 733 745 456
"JH REALITY";jhreality@jhreality.cz;(+420) 582 341 705
"JISTA - Realitní kancelář";info@jistareality.cz;(+420) 777 581 496
"Jiří Huml, Realitní znalecká a projekční kancelář";jirihuml@iol.cz;(+420) 311 685 603
"JKM Family invest s.r.o.";mm.novak@post.cz;(+420) 720 945 524
"JM reality";info@j-mreality.cz;(+420) 603 172 148
"JM reality";plachy@j-mreality.cz;
"JM reality";halodova@j-mreality.cz;(+420) 739 853 235
"Jolly reality s.r.o.";jollyreality@jollyreality.cz;(+420) 722 439 943
"JORK spol.sr.o.";jork@jostovarealitni.cz;(+420) 466 616 780
"Josef Beránek";beranek.caslav@seznam.cz;(+420) 327 316 555
"JRD, s r.o.";real@jrd.cz;(+420) 739 388 777
"JRS real s.r.o.";info@jrsreal.cz;(+420) 775 557 883
"JURIS REAL Dražby, a. s.";info@jrdrazby.cz;(+420) 777 306 103
"JURIS REAL spol. s. r. o.";info@jurisreal.cz;(+420) 226 255 200
K.realitka;pavla@krealitka.cz;(+420) 775 919 656
"Kaktus reality s.r.o.";info@kaktusreality.cz;(+420) 775 711 999
KAREAL;info@kareal.cz;(+420) 721 564 525
"Keller Williams Metropolitan";info@kwcz.cz;(+420) 724 368 358
"Keller Williams Millennium";info@kwcz.cz;(+420) 776 252 777
"Keller Williams Moravia";info@kwcz.cz;(+420) 776 252 777
"Kevin Babička - Nadstandardní realitní služby";kevinbabicka@realstories.cz;(+420) 777 259 569
"KeyReal, s.r.o.";key@keyreal.cz;(+420) 605 120 741
"Kiss reality";info@kissreality.cz;
"KIWI Reality";hess@kiwireality.cz;(+420) 724 223 446
"KLOSER REALITY s.r.o.";sonamancikova1@gmail.com;(+420) 724 591 943
KOBRA-REALITY;kancelar@kobra-reality.cz;(+420) 776 690 910
"KOMFORT REALITY s.r.o.";kladno@komfort-reality.cz;(+420) 603 856 123
"Komplexní reality, s.r.o.";office@komplexnireality.cz;(+420) 549 410 321
"Konior - Zlínský makléř";info@konior.cz;(+420) 770 179 185
"Kontakt servis CZ, s.r.o.";milan.cernoch@kontaktservis.cz;(+420) 605 238 493
"Kopecký & Partners, s.r.o.";kopecky@kopecky-partners.cz;(+420) 733 586 044
"Kopta reality";info@koptareality.cz;(+420) 377 963 510
"Kostka realitní kancelář";office@rkkostka.cz;(+420) 602 533 531
"KOVA reality s.r.o.";kova@kova.cz;(+420) 810 100 100
"KPZ REALITNÍ PORADENSTVÍ S.R.O";info@kpzrealitniporadenstvi.cz;(+420) 274 772 507
"Kratochvílovi realitní kancelář";info@rkkratochvilovi.cz;(+420) 773 881 681
"KREIBICH group, s.r.o";zbynek.krejbich@gmail.com;(+420) 775 185 186
"KROSS REAL, s.r.o.";kross.real@email.cz;(+420) 777 605 626
"KRP realitní služby s.r.o.";office@krpreality.cz;(+420) 737 959 004
"Královské reality";kralovska.realitni@seznam.cz;(+420) 776 725 180
"Kutnohorské reality s.r.o.";kancelar@khreality.cz;(+420) 730 807 807
"KV-reality.cz SPA s.r.o.";makler@kv-reality.cz;(+420) 734 699 800
"Lanata s.r.o.";info@lanata.cz;(+420) 722 288 725
"Lemak reality";info@lemak-reality.cz;(+420) 721 303 255
"Lenka Sejpalová";lenka.sejpalova@qara.cz;(+420) 728 958 160
"Lenka Vranješová - NOVÉ BYDLENÍ";lenka.vranjesova@email.cz;(+420) 608 833 545
"Lens reality";info@lensreality.cz;(+420) 774 430 040
"LEOREAL s.r.o.";info@leoreal.cz;
"Letenská realitní kancelář s.r.o.";info@letenskark.cz;(+420) 220 570 624
"LET´S HOME";langerova@letshome.cz;(+420) 727 881 950
"Level EUROPE s.r.o.";info@leurope.cz;(+420) 558 638 850
"LEXAMO s.r.o.";njurankova@lexamo.cz;(+420) 732 976 694
"LH reality";info@lhreality.cz;(+420) 495 512 073
"Libor Kornhäuser";kornhauserl@email.cz;(+420) 774 124 533
"Lionnis real s.r.o.";lionnisreal@lionnisreal.cz;(+420) 608 946 688
"Listrum real s.r.o.";listrum@listrum.cz;(+420) 596 811 051
"LIVE SIZE s.r.o.";jakub.vrba@live-size.cz;(+420) 608 834 693
"LIVELI REALITY";liba@liveli.cz;(+420) 605 211 478
"Liška Real s.r.o.";info@liskareal.cz;(+420) 730 509 393
"LK Development s.r.o.";lubos.kudela@seznam.cz;(+420) 603 430 988
"LM Division,s.r.o.";lubos@lmdivision.cz;(+420) 722 926 028
"LM Real s.r.o.";madericova@lmreal.cz;(+420) 733 679 932
"LOGBAL, s.r.o.";z.zadnik@logbal.cz;(+420) 737 279 972
"Loyd - reality, spol. s r. o.";reality@loyd.cz;(+420) 353 222 227
"Lucie Kopřivová Reality";fajmanova.hodonin@gmail.com;(+420) 602 653 515
"Lucie&GARDE REALITY s.r.o.";cekalova.lucka@seznam.cz;(+420) 734 476 447
"LUX real";jana.0450@gmail.com;(+420) 733 636 380
"Luxury Home - GAMMA s.r.o.";info@luxury-home.info;(+420) 720 034 158
"Lužická realitní kancelář s r.o.";luzicka@luzicka.cz;(+420) 412 333 281
"LXM reality";zuzana@lxmreality.cz;(+420) 604 191 929
"M&M reality holding SK, s.r.o";info@mmreality.sk;(+420) 918 831 232
"M&M reality holding, a.s.";info@mmreality.cz;(+420) 800 100 446
"M.W.C. stav s.r.o.";mwcreality@seznam.cz;(+420) 267 207 231
"Magnet realit, s.r.o.";achmelik@magnet-reality.cz;(+420) 725 632 529
"Magnuss Estate s.r.o.";thomas.malinak@gmail.com;(+420) 734 464 037
"Maralina service, s.r.o.";maralina.service@seznam.cz;(+420) 776 360 025
"MaReal - Zlínské reality";vrbikova@mareal.cz;(+420) 731 403 496
"Market real";pololanik@marketreal.cz;(+420) 549 213 780
Martillero;support@martillero.eu;
"Martina Pawłowská Reality";info@martinapawlowska.cz;(+420) 601 307 906
"Matras & Matras reality, s.r.o.";info@rkmatras.cz;(+420) 542 214 222
"MAVO - Invest, s.r.o.";m.stary@mavo-invest.cz;(+420) 608 360 350
"MAXISS reality";info@maxiss-reality.cz;(+420) 725 100 900
"MBK REAL";kobzova@mbkreal.cz;(+420) 739 094 444
"MEGARON REALITY";megaron@megaronreality.cz;(+420) 519 321 845
"Menšík Skrušný";info@mensikskrusny.cz;(+420) 777 790 499
"Merci reality";info@mercireality.cz;(+420) 604 133 552
"metr2 reality s.r.o.";info@metr2reality.cz;(+420) 585 430 430
"Metropol Real s.r.o.";lenka.hes@metropolreal.cz;(+420) 604 216 349
"Metropol Real s.r.o.";miroslav.neuberg@metropolreal.cz;(+420) 603 256 430
"Metropol Real s.r.o.";renata.lexova@metropolreal.cz;(+420) 776 650 888
"Metropol Real s.r.o.";petr.cerveny@metropolreal.cz;(+420) 776 366 712
"Metropol Real, s.r.o.";milan.cimfl@metropolreal.cz;(+420) 724 657 596
"Metropol Real, s.r.o.";vladimir.kremel@metropolreal.cz;(+420) 602 292 515
"Metropol Real, s.r.o.";jiri.hytman@metropolreal.cz;(+420) 724 657 350
"Metropol Real, s.r.o.";stanislav.forman@metropolreal.cz;(+420) 724 657 494
"Metropol Real, s.r.o.";antonin.diepold@metropolreal.cz;(+420) 724 657 595
"Metropol Real, s.r.o.";helena.kanturkova@metropolreal.cz;(+420) 603 553 832
"Metropol Real, s.r.o.";lenka.paclova@metropolreal.cz;(+420) 724 657 049
"Metropol Real, s.r.o.";jiri.novacek@metropolreal.cz;(+420) 724 657 525
"Metropol Real, s.r.o.";diana.baykina@metropolreal.cz;(+420) 775 732 929
"Metropol Real, s.r.o.";petr.kopecky@metropolreal.cz;(+420) 601 557 002
"MF Reality";info@mf-reality.cz;(+420) 733 691 093
"MGH-CONSULT spol. s r.o.";info@mgh.cz;(+420) 353 221 433
"MICHA+, s.r.o";micha@micha.sk;(+420) 905 358 389
"Michal Malík reality";michal.malik@malik-reality.cz;(+420) 731 646 333
"MIG s.r.o.";mig@mig.cz;(+420) 800 644 644
"Milan Lolo realitní kancelář";milanborabora@icloud.com;(+420) 608 555 552
"MINT reality s.r.o.";info@mintreality.cz;(+420) 731 698 871
"Miroslav Hešík";hesik@email.cz;(+420) 777 110 505
"ML servis";mlservis@email.cz;(+420) 601 201 375
"MM Credit s.r.o.";josef.batelka@mmcredit.cz;(+420) 603 265 130
"Mobolity reality";mobolity-reality@seznam.cz;(+420) 777 113 344
"Montana Reality s.r.o.";sigmund@montana-reality.cz;(+420) 585 228 887
"Moravika, s.r.o.";reality@moravika.cz;(+420) 519 510 240
"MORAVOLEN HOLDING a.s.";info@moravolen.cz;(+420) 721 840 961
"Moravská stavební - INVEST, a.s.";sedlakova@ms-invest.cz;(+420) 601 301 301
"Movit-reality s.r.o.";movit@movit.cz;(+420) 597 372 587
"mrkni na reality";info@mrkni.net;(+420) 739 289 379
"Multicont reality";reality@multicont.cz;(+420) 517 448 808
"Musil Reality";tomas@musilreality.cz;(+420) 606 686 066
"My Dva Reality s.r.o.";kancelar@mydvareality.cz;(+420) 733 230 203
"My jsme reality";info@myjsmereality.cz;(+420) 604 284 295
"Mézl a Janíček s.r.o.";sekretariat@mezl-janicek.cz;(+420) 571 634 146
"Mělnická dražební a realitní, s.r.o.";info@mdrk.cz;(+420) 315 626 471
"NATATRADE s.r.o.";realitni.servis@seznam.cz;(+420) 608 046 401
"NAVISYM, s.r.o.";resortzalabi@resortzalabi.cz;(+420) 602 303 965
"NeFi, s.r.o.";info@nefi.cz;(+420) 776 695 410
"NEMO reality s.r.o.";nemoreality@nemoreality.cz;(+420) 388 319 990
"NEMOVISTO s.r.o.";info@nemovisto.cz;(+420) 732 801 342
"Nemovito by Keller Williams";rene.muska@kwcz.cz;(+420) 724 769 497
"Nemovitosti Praha, spol. s r.o.";info@nemovitostipraha.cz;(+420) 272 732 380
"Nemovitosti s garancí";;(+420) 777 646 009
"Nemovitosti Znojmo s.r.o.";miklik@nemovitostiznojmo.cz;(+420) 775 166 801
NEPRODAVEJTE.cz;jirka@neprodavejte.cz;(+420) 732 791 701
"Nesnídal Reality";lubomir.nesnidal@tiscali.cz;(+420) 607 987 644
"NETT REALIT, s.r.o.";info@barabizny.cz;(+420) 777 016 677
Next-HOME;info@next-home.cz;(+420) 728 344 066
"NORBERT BRAUN & PARTNERS, s.r.o.";braun-reality@email.cz;(+420) 733 652 346
"Nováková Věra - VN Reality";novakova.rm@seznam.cz;(+420) 608 280 563
"Nové reality Liberec";nr.liberec@seznam.cz;(+420) 739 464 690
"Náš nový domov";info@nasnovydomov.cz;
Němeček-reality.cz;info@nemecek-reality.cz;(+420) 777 564 916
"OFIXIU s.r.o.";info@ofixiu.cz;(+420) 604 192 605
"OK REAL";rkokreal@seznam.cz;(+420) 728 236 986
"OKF reality";info@okfreality.cz;(+420) 734 150 490
"OKNO REALIT IGIVEX S.R.O.";info@oknorealit.cz;(+420) 773 930 933
"OPENREALITY, realitní kancelář, s.r.o.";info@openreality.cz;(+420) 515 535 835
"ORBIS REALITY";info@orbisreality.cz;(+420) 312 240 969
"ORCA ESTATE";info@orcaestate.cz;
"Ostrafin reality s.r.o.";info@ostrafinreality.cz;(+420) 775 545 755
"Ostrov realit s.r.o.";info@ostrovrealit.cz;(+420) 727 979 754
"OTROŠINA Invest s.r.o.";info@otrosinainvest.cz;(+420) 770 119 719
"PACÁK REALITY";pacak@pacakreality.cz;(+420) 602 658 929
"Palackého s r.o.";basa@tnm.cz;(+420) 602 281 658
"Palisády, s. r. o.";palisady@palisady.sk;(+420) 905 766 456
"PAREX SERVICES s.r.o.";parex.services@email.cz;(+420) 739 592 344
"PARVA, s.r.o.";info@parva.cz;(+420) 377 270 123
"PATRIOT reality, spol. s r.o.";info@patriotreality.cz;(+420) 585 234 171
"Pavel Kroupa - DONEMO Váš osobní makléř";pavel.kroupa@donemo.cz;(+420) 777 016 815
"pb vinca s.r.o.";pbvinca@volny.cz;(+420) 602 690 251
"PD INVEST";info@pdinvest.cz;(+420) 272 744 245
PDreality;seifert@pdreality.cz;(+420) 604 934 685
"PEGAS REAL & DEVELOPMENT, s.r.o.";info@pegasreal.cz;(+420) 777 244 704
"PF Reality & Consulting, s.r.o.";info@pf-reality.cz;(+420) 353 221 143
"PINK REALITY, s.r.o.";pinkreality@seznam.cz;(+420) 737 585 010
"Pirogov & Sons";info@pirogovsons.cz;(+420) 777 026 682
"Plzeňský servis";info@plzenskyservis.cz;(+420) 377 456 301
pokus;;
Polyweb;;
"Portál Aukcí s.r.o.";info@portalaukcí.cz;(+420) 774 246 076
"PORTÁL ELEKTRONICKÝCH DRAŽEB";eden@triangl-web.cz;(+420) 775 996 072
"Pozemní stavby-Stavoservis, a.s.";info@volnekancelare.cz;(+420) 485 228 395
"PRINC Reality s.r.o.";info@princreality.cz;(+420) 724 180 850
"Private Estate, s.r.o.";info@private-estate.cz;(+420) 723 057 671
"Pro - Novum, s.r.o.";info@pronovum.cz;(+420) 377 321 415
"PROCTUS REAL, s.r.o.";pirchanova@proctus.cz;(+420) 608 702 400
"PROFIT REALITY";jiri.kajnar@profitreality.cz;(+420) 241 482 181
"Proma reality";info@promareality.cz;(+420) 733 109 764
"PROPERIA GROUP s.r.o.";info@properia.cz;(+420) 773 944 222
"Property Experts s.r.o.";napiste.nam@propertyexperts.cz;(+420) 602 149 428
PROPERTYCZ;www.alenabenakova.cz;(+420) 777 898 655
"Prosperity Financial Services a.s.";reality@prosperityfs.cz;(+420) 800 811 811
"První olomoucká realitní kancelář";info@prvniolomoucka.cz;(+420) 585 223 666
"PSN s.r.o.";psn@psn.cz;(+420) 221 088 111
"PUMAS, s.r.o.";jan@mastovsky.cz;(+420) 222 515 940
"PŘEHLED REALIT";stovickova@prehledrealit.cz;(+420) 725 336 599
"QARA s.r.o.";info@qara.cz;(+420) 606 113 100
"QARA s.r.o.";info@qara.cz;
"Quantum reality, spol. s r.o.";info@quantumreality.cz;(+420) 273 134 681
"R. I. S. Kutná Hora";office@ris-kh.cz;(+420) 724 339 893
"R1 Reality & Finance s.r.o.";info@r1reality.cz;(+420) 608 782 789
"RaKoREAL Estate s.r.o.";reality@rakoreal.cz;(+420) 608 608 492
"Rakovnické reality";info@rakovnickereality.com;(+420) 730 516 515
"RAZKA s.r.o.";;(+420) 354 597 191
"RAZKA s.r.o.";;(+420) 374 725 355
"RAZKA s.r.o.";;(+420) 373 700 870
"RB real";radim.buchta@gmail.com;(+420) 603 586 046
"RD reality";info@rdreality.cz;(+420) 777 805 749
"RE/MAX 2000";2000@re-max.cz;(+420) 739 500 588
"RE/MAX 4 You";www.re-max.cz;(+420) 739 500 617
"RE/MAX 4 You II";4you@re-max.cz;(+420) 733 152 553
"RE/MAX 4 You III";4youIII@re-max.cz;(+420) 733 618 704
"RE/MAX A-City";acity@re-max.cz;(+420) 736 631 404
"RE/MAX Ace";ace@re-max.cz;(+420) 602 202 452
"RE/MAX Active Broker";activebroker@re-max.cz;(+420) 371 120 180
"RE/MAX Actual";actual@remax-czech.cz;(+420) 725 686 530
"RE/MAX Age";age@re-max.cz;(+420) 730 165 156
"RE/MAX Air";air@re-max.cz;(+420) 728 410 411
"RE/MAX Alfa";info@remaxalfa.cz;(+420) 296 240 400
"RE/MAX Alit";alit@re-max.cz;(+420) 730 808 051
"RE/MAX Alliance";alliance@re-max.cz;(+420) 724 314 317
"RE/MAX Ambassador";ambassador@re-max.cz;(+420) 603 295 748
"RE/MAX Anděl";andel@re-max.cz;(+420) 725 293 030
"RE/MAX Anděl 2";andel2@re-max.cz;(+420) 775 556 690
"RE/MAX Apollo";apollo@re-max.cz;(+420) 703 477 477
"RE/MAX Art";art@re-max.cz;(+420) 605 246 386
"RE/MAX Atraktiv";atraktiv@re-max.cz;(+420) 733 149 010
"RE/MAX Atrium";atrium@re-max.cz;(+420) 606 726 515
"RE/MAX Centrum";centrum@re-max.cz;(+420) 775 757 505
"RE/MAX City";city@re-max.cz;(+420) 731 120 106
"RE/MAX Commercial Group";commercialgroup@re-max.cz;(+420) 733 152 553
"RE/MAX Cool";cool@re-max.cz;(+420) 728 400 586
"RE/MAX Cross";cross@re-max.cz;(+420) 739 477 458
"RE/MAX DELTA";delta@re-max.cz;(+420) 607 449 860
"RE/MAX Destiny";destiny@re-max.cz;(+420) 721 567 224
"RE/MAX Diamond";diamondgroup@re-max.cz;(+420) 224 247 291
"RE/MAX Drive";drive@re-max.cz;(+420) 317 702 636
"RE/MAX Dynamic";dynamic@remax-czech.cz;(+420) 386 105 926
"RE/MAX Elegance";elegance@re-max.cz;(+420) 733 679 981
"RE/MAX Elite";elite@re-max.cz;(+420) 731 625 057
"RE/MAX Elite group";elitegroup@re-max.cz;(+420) 607 009 608
"RE/MAX Elite Reality";elitereality@re-max.cz;(+420) 733 644 669
"RE/MAX Elite Reality 2";elitereality2@re-max.cz;(+420) 733 373 964
"RE/MAX Eso";www.re-max.cz;(+420) 722 422 422
"RE/MAX Estates";estates@re-max.cz;(+420) 775 581 617
"RE/MAX Expert";expert@re-max.cz;(+420) 777 565 667
"RE/MAX Family";family@re-max.cz;(+420) 606 669 909
"RE/MAX Fenix";fenix@re-max.cz;(+420) 723 688 489
"RE/MAX Future";future@re-max.cz;(+420) 739 486 404
"RE/MAX Garant";garant@re-max.cz;(+420) 733 691 171
"RE/MAX Gem";gem@re-max.cz;(+420) 495 216 091
"RE/MAX Glorion";glorion@re-max.cz;(+420) 776 395 579
"RE/MAX Gold";gold@re-max.cz;(+420) 730 164 554
"RE/MAX Happy";happy@re-max.cz;(+420) 608 663 366
"RE/MAX Horizont";horizont@remax-czech.cz;(+420) 733 149 056
"RE/MAX Imperial";imperial@remax-czech.cz;(+420) 739 486 434
"RE/MAX Infinity";infinity@re-max.cz;(+420) 737 580 065
"RE/MAX InterCora";intercora@re-max.cz;(+420) 377 240 004
"RE/MAX Ivy";ivy@re-max.cz;
"RE/MAX K2";k2@remax-czech.cz;(+420) 469 603 333
"RE/MAX Komfort";komfort@re-max.cz;(+420) 733 626 317
"RE/MAX Lusso";lusso@re-max.cz;(+420) 281 861 223
"RE/MAX Magnum";magnum@remax-czech.cz;(+420) 541 215 165
"RE/MAX Miramar";miramar@re-max.cz;(+420) 739 555 554
"RE/MAX MONARCHA";monarcha@re-max.cz;(+420) 777 235 428
"RE/MAX Nej";nej@remax-czech.cz;(+420) 777 250 948
"RE/MAX One";one@remax-czech.cz;(+420) 381 210 606
"RE/MAX Panorama";panorama@re-max.cz;(+420) 608 080 788
"RE/MAX Partner";partner@re-max.cz;(+420) 800 434 434
"RE/MAX Partners";partners@remax-czech.cz;(+420) 595 781 525
"RE/MAX Permanentia";permanentia@re-max.cz;(+420) 603 260 651
"RE/MAX Power";power@re-max.cz;(+420) 318 596 003
"RE/MAX Power 2";power2@re-max.cz;(+420) 800 266 366
"RE/MAX Prestige";prestige@re-max.cz;(+420) 605 945 005
"RE/MAX Priority";priority@re-max.cz;(+420) 603 169 161
"RE/MAX Pro";pro@remax-czech.cz;(+420) 732 299 929
"RE/MAX Professional Partners";professionalpartners@re-max.cz;(+420) 607 066 057
"RE/MAX Profi Reality";profireality@re-max.cz;(+420) 530 512 152
"RE/MAX Property";property@remax-czech.cz;(+420) 733 785 746
"RE/MAX Quality";quality@remax-czech.cz;(+420) 725 686 500
"RE/MAX Reality Plus";realityplus@re-max.cz;(+420) 725 293 500
"RE/MAX Relations";relations@re-max.cz;(+420) 731 305 955
"RE/MAX Scopus";scopus@re-max.cz;(+420) 733 746 846
"RE/MAX Stars";stars@re-max.cz;(+420) 736 631 401
"RE/MAX Synergy";synergy@re-max.cz;(+420) 731 618 492
"RE/MAX Today";today@re-max.cz;(+420) 722 540 410
"RE/MAX Top Reality";topreality@re-max.cz;(+420) 722 722 888
"RE/MAX Trend";trend@remax-czech.cz;(+420) 777 280 830
"RE/MAX Trend 2";trend2@remax-czech.cz;(+420) 777 280 830
"RE/MAX Unlimited";unlimited@remax-czech.cz;(+420) 603 192 381
"RE/MAX Via";via@re-max.cz;(+420) 739 570 770
"RE/MAX VIP";vip@re-max.cz;(+420) 728 880 880
"RE/MAX Vox";vox@re-max.cz;(+420) 604 737 657
"RE/MAX Well";well@remax-czech.cz;(+420) 800 701 122
"RE/MAX Well 4";well4@remax-czech.cz;(+420) 725 266 749
"RE/MAX West";robert.benoni@re-max.cz;(+420) 777 990 303
"RE/MAX Zlatý domov";zlatydomov@re-max.cz;(+420) 604 333 883
"REA plus, s.r.o.";reaplus@email.cz;(+420) 775 510 230
"REA realitní kanceláře";rkrea@volny.cz;(+420) 603 467 004
"Ready House";pronajem@readyhouse.cz;(+420) 608 268 220
"REAL - testovací účet";;
"REAL 3D";jirka.sadek@seznam.cz;(+420) 775 416 284
"REAL BOX PÍSEK, spol. s r.o.";pisek@realbox.cz;(+420) 382 210 366
"REAL BRNO, S.R.O.";info@realbrno.cz;(+420) 800 770 660
"REAL BUSINESS, s.r.o.";vera.kralova@realb.cz;(+420) 603 108 003
"REAL CHEB reality,s.r.o.";realcheb@realcheb.cz;(+420) 354 422 075
"REAL ENTER, s.r.o.";info@realenter.cz;(+420) 602 318 061
"REAL INVEST PLUS s.r.o.";info@realinvestplus.cz;(+420) 608 707 895
"Real Marco";karvajmarek@gmail.com;(+420) 777 699 754
"REAL PREMIUM s.r.o.";info@realpremium.cz;(+420) 739 056 906
"REAL SPEKTRUM a.s.";rs@realspektrum.cz;(+420) 800 800 099
"REAL SPEKTRUM BLANSKO, spol. s r. o.";blansko@realspektrum.cz;(+420) 516 418 160
"REAL SPEKTRUM BOSKOVICE, s.r.o.";boskovice@realspektrum.cz;(+420) 800 800 977
"Real České Budějovice s.r.o.";rkreal@najihu.cz;(+420) 387 789 617
"RealBot s.r.o.";info@realbot.cz;(+420) 770 132 201
"RealFin SK, s.r.o.";rastislav.rohac@realfinsk.eu;(+420) 911 908 602
REALFLASH;petr.kolar@realflash.cz;(+420) 777 998 898
"REALHOF, s.r.o.";info@realhof.cz;(+420) 774 291 774
RealHypo;info@realhypo.cz;(+420) 602 481 237
"RealiCom, s.r.o.";basile@realicom.sk;(+420) 903 408 999
Realinvest-rk.cz;info@realinvest-rk.cz;(+420) 731 594 871
"Realit Hypo Servis, s.r.o.";ilonaRHS@gmail.com;(+420) 724 114 107
"Realitas Partner s.r.o.";info@realitaspartner.cz;(+420) 725 337 769
"Realitná kancelária Real Trend";ivcam@centrum.sk;(+420) 421 911 954
"REALITNÍ  DOZOR, s.r.o.";info@realitnidozor.com;(+420) 777 220 617
"Realitní 1, s.r.o.";info@realitni1.cz;(+420) 353 540 001
"Realitní a komeční kancelář SOUTOK";rk@soutok.cz;(+420) 315 628 414
"Realitní agentura";info@realitni-agentura.cz;(+420) 734 760 779
"Realitní ALFA agentura";info@alfa2000.cz;(+420) 327 515 321
"Realitní centrum ROLYS, s.r.o.";kopriva@rolys.cz;(+420) 325 512 941
"Realitní kancelář Alena Kubinčanová";rk@kubincanova.cz;(+420) 603 583 010
"Realitní kancelář Cabryk";blanka.ctiborova@rkcabryk.cz;(+420) 775 579 941
"Realitní kancelář DACHI s.r.o.";dachi@dachi.cz;(+420) 736 532 201
"Realitní kancelář Donna s.r.o.";info@donnareality.cz;(+420) 222 361 097
"Realitní kancelář Herbrich";herblich@email.cz;(+420) 774 335 510
"Realitní kancelář HEUREKA, s.r.o";reality@martin-havranek.cz;(+420) 603 527 858
"Realitní kancelář JUDr. Josef Křen";info@judrkren.cz;(+420) 224 313 842
"Realitní kancelář Kominíček";rkkominicek@seznam.cz;(+420) 774 974 767
"Realitní kancelář Kouba";rkkouba@atlas.cz;(+420) 487 834 056
"Realitní kancelář Lorenc Michael s.r.o.";michael.lorenc@seznam.cz;(+420) 734 305 794
"Realitní kancelář Morava";mvarmus@rkmorava.cz;(+420) 737 167 611
"Realitní kancelář N.I.K.A.";nikakh@cmail.cz;(+420) 327 516 091
"Realitní kancelář RK správa s.r.o.";rksprava@centrum.cz;(+420) 605 717 700
"REALITNÍ KANCELÁŘ ROSICE";realityrosice@gmail.com;(+420) 608 560 876
"Realitní kancelář SAZ";rk-saz@volny.cz;(+420) 603 546 725
"Realitní kancelář Sedláček s.r.o.";info@rk-sedlacek.cz;(+420) 774 604 327
"Realitní kancelář STING, s.r.o.";ostrava@rksting.cz;(+420) 596 918 261
"Realitní kancelář STING, s.r.o.";opava@rksting.cz;(+420) 555 557 258
"Realitní kancelář STING, s.r.o.";trinec@rksting.cz;(+420) 558 987 101
"Realitní kancelář STING, s.r.o.";ostrava.poruba@rksting.cz;(+420) 596 633 959
"Realitní kancelář STING, s.r.o.";sumperk@rksting.cz;(+420) 583 283 429
"Realitní kancelář STING, s.r.o.";prostejov@rksting.cz;(+420) 582 333 426
"Realitní kancelář STING, s.r.o.";hodonin@rksting.cz;(+420) 515 159 091
"Realitní kancelář STING, s.r.o.";prerov@rksting.cz;(+420) 581 332 777
"Realitní kancelář STING, s.r.o.";pardubice@rksting.cz;(+420) 466 265 087
"Realitní kancelář STING, s.r.o.";ceske.budejovice@rksting.cz;(+420) 387 204 081
"Realitní kancelář STING, s.r.o.";zdrar@rksting.cz;(+420) 566 522 151
"Realitní kancelář STING, s.r.o.";jihlava@rksting.cz;(+420) 567 212 797
"Realitní kancelář STING, s.r.o.";bruntal@rksting.cz;(+420) 554 230 060
"Realitní kancelář STING, s.r.o.";frydek.mistek@rksting.cz;(+420) 558 646 116
"Realitní kancelář STING, s.r.o.";uherske.hradiste@rksting.cz;(+420) 572 434 447
"Realitní kancelář STING, s.r.o.";olomouc@rksting.cz;(+420) 585 209 999
"Realitní kancelář STING, s.r.o.";roznov@rksting.cz;
"Realitní kancelář STING, s.r.o.";znojmo@rksting.cz;(+420) 515 223 760
"Realitní kancelář STING, s.r.o.";trebic@rksting.cz;(+420) 564 034 217
"Realitní kancelář STING, s.r.o.";novy.jicin@rksting.cz;(+420) 556 708 824
"Realitní kancelář STING, s.r.o.";melnik@rksting.cz;(+420) 315 601 935
"Realitní kancelář STING, s.r.o.";zlin@rksting.cz;(+420) 577 019 619
"Realitní kancelář STING, s.r.o.";karvina@rksting.cz;(+420) 596 318 493
"Realitní kancelář STING, s.r.o.";brno@rksting.cz;(+420) 533 433 118
"Realitní kancelář STING, s.r.o.";praha@rksting.cz;(+420) 222 513 332
"Realitní kancelář STING, s.r.o.";jicin@rksting.cz;(+420) 722 555 000
"Realitní kancelář STING, s.r.o.";vsetin@rksting.cz;(+420) 571 410 129
"Realitní kancelář STING, s.r.o.";mlada.boleslav@rksting.cz;(+420) 326 997 632
"Realitní kancelář STING, s.r.o.";teplice@rksting.cz;(+420) 417 533 108
"Realitní kancelář STING, s.r.o.";kromeriz@rksting.cz;(+420) 573 335 870
"Realitní kancelář STING, s.r.o.";liberec@rksting.cz;(+420) 485 100 841
"Realitní kancelář STING, s.r.o.";chrudim@rksting.cz;(+420) 606 662 823
"Realitní kancelář STING, s.r.o.";svitavy@rksting.cz;(+420) 461 312 222
"Realitní kancelář STING, s.r.o.";jesenik@rksting.cz;
"Realitní kancelář STING, s.r.o.";havirov@rksting.cz;(+420) 596 812 911
"Realitní kancelář STING, s.r.o.";breclav@rksting.cz;(+420) 519 321 560
"Realitní klíč Pokorný s.r.o.";info@realitniklic.cz;
"Realitní Samoobsluha s.r.o.";obchod@realitni-samoobsluha.cz;(+420) 374 725 355
"Realitní služby Břeclav";info@realitni-sluzby-breclav.cz;(+420) 725 027 023
"Realitní společnost ZVONEK s.r.o.";info@reality-zvonek.cz;(+420) 573 331 995
"Reality - financie, s.r.o.";info@unireality.sk;
"REALITY - Hajný, s.r.o.";real.haj@worldonline.cz;(+420) 313 512 128
"REALITY - Lišková s.r o.";rkyvli@seznam.cz;(+420) 736 608 499
"Reality - Plzeň s.r.o.";info@mixreality.eu;(+420) 377 322 120
"REALITY 11";info@reality11.cz;(+420) 736 511 511
"Reality Bartošová";bohda.p@centrum.cz;(+420) 605 206 579
"Reality Bedřich Vicher";rkvicher@volny.cz;(+420) 257 712 450
"Reality Bergrová";armagad@email.cz;(+420) 731 100 191
"Reality Bohuslav Nevole";bohuslav.nevole@seznam.cz;(+420) 602 389 313
"Reality Burdová";burdova@zburdova.cz;(+420) 606 619 736
"Reality Cvejn";t.cvejn@realitycvejn.cz;(+420) 571 417 995
"Reality Czech Trend";info@realityct.cz;(+420) 800 100 484
"Reality Císař";info@realitycisar.cz;(+420) 777 263 650
"Reality Dagmar Báčová";info@dagmarbacova.cz;(+420) 725 293 246
"Reality Dana Mantelová";dana.mantel@seznam.cz;(+420) 603 576 770
"Reality Dobrý den";sollich@realitydobryden.cz;(+420) 608 769 769
"REALITY DOMUS s.r.o.";info@reality-domus.cz;(+420) 777 030 354
"REALITY DUO";info@realityduo.cz;(+420) 728 867 695
"Reality Farkašová";info@zdenkafarkasova.cz;(+420) 724 982 792
"Reality Fritz";robert.fritz21@gmail.com;(+420) 775 212 122
"Reality FROLÍK | privátní realitní makléř";info@reality-frolik.cz;(+420) 608 022 369
"Reality GAIA, spol. s r.o.";reality@realitygaia.cz;(+420) 518 345 345
"Reality GRUNT s.r.o.";info@realitygrunt.cz;(+420) 736 708 771
"Reality Hrůza";milanhruza11@seznam.cz;(+420) 602 451 780
"Reality Hunal";vaclavhunal@seznam.cz;(+420) 725 536 232
"Reality Hynštová";realityhynstova@seznam.cz;(+420) 775 582 092
"Reality Investice Vaněk, s.r.o.";info@reality-investice.cz;(+420) 736 769 241
"REALITY INVESTMENT, s.r.o.";info@realityinvestment.cz;(+420) 774 647 001
"REALITY IRMANNOVÁ s.r.o.";irmannova@ir-reality.cz;(+420) 603 290 695
"Reality Ivana Kosťunová";kostunovai@seznam.cz;(+420) 608 580 130
"Reality Jan Segeš";segesjan@seznam.cz;(+420) 722 101 900
"Reality Jarmila Šulkovská";info@jarmilasulkovska.cz;(+420) 774 725 151
"Reality Jebavá";s.jebava@realityjebava.cz;(+420) 737 326 625
"Reality Jindra Vančatová";top_r@volny.cz;(+420) 224 214 700
"Reality Jiří Nechanický";info@nechanicky.cz;(+420) 603 809 027
"Reality Jižní Morava s.r.o.";info@realityjiznimorava.eu;(+420) 774 091 111
"Reality Josef Karnet";j.karnet@seznam.cz;(+420) 777 858 942
"Reality Josef Plachý";jpprima@email.cz;(+420) 721 863 442
"Reality Kavka";kavka.l@seznam.cz;(+420) 607 534 730
"Reality Klačánková";klacanek.d@seznam.cz;(+420) 603 982 535
"Reality KLIDEM";info@realityklidem.cz;(+420) 775 859 518
"Reality Kocourek s.r.o.";h.spackova@reality-kocourek.cz;(+420) 571 625 068
"Reality Kolafová";lenka.kolafova@gpf.cz;(+420) 604 619 607
"REALITY KOLÍN, s.r.o.";tomas.sojka@realitykolin.cz;(+420) 603 487 925
"Reality Krajíčková";krajickova@reality-krajickova.cz;(+420) 724 886 979
"Reality Krajíčková";krajickova@reality-krajickova.cz;(+420) 602 221 054
"REALITY KUŘIM";vlasak@realitykurim.cz;(+420) 541 232 166
"REALITY MARTINKA";vm@reality-martinka.cz;(+420) 777 876 156
"Reality Michaela Zifčáková";info@michaelazifcakova.cz;(+420) 777 232 742
"Reality MINOR s.r.o.";info@realityminor.cz;(+420) 773 555 444
"Reality Monika Kindlová";reality@monikakindlova.cz;(+420) 603 415 820
"Reality Mozaika";info@reality-mozaika.cz;(+420) 606 631 877
"Reality Munzar";hankahankahanka@seznam.cz;(+420) 722 969 340
"REALITY MUZEJKA s.r.o.";brno@realitymuzejka.cz;(+420) 541 233 462
"Reality Müller";info.rk@realitymuller.cz;(+420) 732 468 887
"Reality Nomisma";info@nomisma.cz;(+420) 596 812 012
"Reality office Jana Vojtíšková";realityoffice@seznam.cz;(+420) 731 461 889
"REALITY OPTIMA";info@realityoptima.cz;(+420) 482 720 319
"Reality Ott";l.ott@seznam.cz;(+420) 603 210 391
"Reality P3D s.r.o.";reality@p3d.cz;(+420) 603 158 961
"Reality Partners, s.r.o.";info@realitypartners.cz;(+420) 722 350 801
"Reality Petr Mejšner";realnebyt@centrum.cz;(+420) 775 921 200
"Reality Petra Keclíková";keclikova@icloud.com;(+420) 608 444 306
"Reality Pintner";info@realitypintner.cz;(+420) 318 630 850
"Reality Polabí";info@reality-polabi.cz;(+420) 731 463 854
"Reality PROSTOR s.r.o";info@realityprostor.cz;(+420) 281 910 232
"Reality Pulkrábek";mpulkrabek@seznam.cz;
"Reality Rajhrad";dana.kubaskova@realityrajhrad.cz;(+420) 776 097 097
"Reality Renata Votrubová";renata.votrubova@pandora.be;(+420) 721 219 480
"Reality RMC s.r.o";info@reality-rmc.sk;(+420) 915 733 286
"REALITY Ro & Li, s.r.o.";horvathova@realityroli.cz;(+420) 371 727 952
"Reality Růžena Lukášová";ruzenka.lukasova@seznam.cz;(+420) 607 532 607
"Reality Sedmička";zdar@realitysedmicka.cz;(+420) 603 539 525
"Reality Sedmička";info@realitysedmicka.cz;(+420) 770 121 211
"Reality Slavík";slavik.beztahov@tiscali.cz;(+420) 317 813 926
"Reality Smolíková";zlatapalma@seznam.cz;(+420) 603 740 811
"Reality Směřička a spol.";"milena.valkova@reality-smericka.com, petr.smericka@reality-smericka.com";(+420) 518 355 746
"Reality Stejskal";stejskal.ludek@seznam.cz;(+420) 777 246 748
"Reality SváMi s.r.o.";info@realitysvami.cz;(+420) 731 020 242
"REALITY TRADE";realitytrade@seznam.cz;(+420) 603 164 975
"Reality Vaníček";vojtech.vanicek@domybyty.com;(+420) 775 222 136
"Reality Vašatová s.r.o.";marketa@reality-vasatova.cz;(+420) 773 123 092
"REALITY VESELÝ s.r.o.";vesely@realityvesely.cz;(+420) 605 871 877
"Reality Vodrhánek";info@vodrhanek.cz;(+420) 323 649 234
"Reality Vojta";info@vojtareality.cz;(+420) 728 353 070
"Reality Vysočina";info@realityvysocina.eu;(+420) 777 636 157
"Reality zabydlise.cz";zabydlise@zabydlise.cz;(+420) 774 338 233
"Reality Černohorský";realitycernohorsky@seznam.cz;(+420) 733 672 705
"Reality Štegl";michael.stegl@seznam.cz;(+420) 773 648 485
"Reality Štorek";storek@realitystorek.cz;(+420) 603 268 670
"reality-BV s.r.o.";vaclav.beran@reality-bv.cz;(+420) 776 773 380
REALITY-MB;petr.simice@reality-mb.cz;(+420) 733 678 221
"Reality-Sever, s.r.o.";lovecka@reality-sever.cz;(+420) 777 236 078
REALITYSPOLU;okrealitnisluzby@bcas.cz;(+420) 800 100 164
"REALmajor s.r.o.";info@realmajor.cz;(+420) 776 387 287
"REALMAX CZ, s.r.o.";realmax@realmax.cz;(+420) 486 131 830
"REALmix s.r.o.";realmix@realmix.cz;(+420) 775 077 502
"REALO realitní servis s.r.o";dolezalova@realors.cz;(+420) 732 420 737
"REALsen s.r.o.";info@realsen.cz;(+420) 373 729 707
"REFIX Group, s.r.o.";urban@refix.cz;(+420) 777 255 787
"Regent, s.r.o.";reality@regent.cz;(+420) 777 344 450
"REGION REAL MAX,s.r.o";info@regionreal.cz;(+420) 311 234 291
"Regionální rozvoj";realitni.kancelar@email.cz;
"Regus Business Centre";linda.castkova@regus.com;(+420) 222 191 100
Rekan;rekan@post.cz;(+420) 603 520 547
"REKO a.s.";reko@reko.cz;(+420) 545 428 120
"REMACH reality";info@remach.cz;(+420) 603 744 244
"REMO - realitní kancelář";remo@realityremo.cz;(+420) 777 342 476
"RENA plus s.r.o.";lavicky@renaplus.cz;(+420) 549 133 773
"Rendom Fox s.r.o.";leps@rendomfox.cz;(+420) 723 081 728
"RENO Realitní kancelář";info@reality-reno.cz;(+420) 416 735 509
"RENČ - REALITY s.r.o.";renc@renc.cz;(+420) 538 711 787
"Rezidence DIORIT";rezidence@diorit.cz;(+420) 776 149 820
"Rezidenční pronájmy";reality@rezidencni-sprava.cz;(+420) 728 464 644
"RIVA realitní a finanční kancelář";kolin@riva-reality.cz;(+420) 373 313 387
"RIVA REALITY s.r.o.";neumajerova@rivareality.eu;(+420) 725 492 339
"RK - CB - MAŠEK";rk@cbmasek.cz;(+420) 387 314 341
"RK Chalupa s.r.o.";info@rkchalupa.cz;(+420) 603 217 576
"RK Chlebek s.r.o.";lukas.chlebek@rkchlebek.cz;(+420) 776 005 499
"RK DAREX";darex@darexreality.cz;(+420) 352 623 242
"RK Fokus s.r.o.";info@rkfokus.cz;
"RK Ing. František Kubašta";info@reality-chrudim.cz;(+420) 604 239 936
"RK KLIKA s.r.o.";info@rkklika.cz;(+420) 377 222 996
"RK Labe";rk-labe@centrum.cz;(+420) 777 828 448
"RK Michal Vyhnálek";michal.vyhnalek@gmail.com;(+420) 732 212 628
"RK MICHÁLEK & PARTNERS";kancelar.jihlava@mdreality.cz;(+420) 724 765 765
"RK Pohoda";rkpohoda@seznam.cz;(+420) 737 348 535
"RK REAL KARTEL,s.r.o.";info@realkartel.cz;(+420) 558 645 711
"RK REK s.r.o.";petr.cipra@rkrek.cz;(+420) 602 600 003
"RK Test 2";info@realitymorava.cz;
"RK UNIMEX";rkunimex@rkunimex.cz;(+420) 596 624 179
"RK Váš Domov.cz, s.r.o.";reality@rkvasdomov.cz;(+420) 774 448 400
"RK ČM Vysočina";cmvysocina@cmvysocina.cz;(+420) 569 424 535
"RK Ševčíková";sevcikova@bystrc.com;(+420) 604 254 913
"RKB reality, s.r.o.";info@rkbreality.cz;(+420) 378 774 157
"Roman Láner Reality";roman@romanlaner.cz;(+420) 608 879 203
"ROOTS REALITY";info@roots.cz;(+420) 417 562 115
"Royal pražská realitní kancelář";royalrk@royalrk.cz;(+420) 224 948 009
"RS Global - pobočka Nymburk";nymburk@realspektrum.cz;(+420) 325 531 100
"RS Global - pobočka Ostrava";ostrava@realspektrum.cz;(+420) 556 729 139
"RS Global - pobočka Prachatice";prachatice@realspektrum.cz;(+420) 388 310 105
"RS Global - pobočka Prostějov";prostejov@realspektrum.cz;(+420) 777 073 725
"RS Global - pobočka Příbram";pribram@realspektrum.cz;(+420) 318 543 773
"RS Global - pobočka Slaný";slany@realspektrum.cz;(+420) 312 520 872
"RS HK, spol. s r.o.";info@rshk.cz;(+420) 702 261 246
"RS Magnum";rsmagnum.ta@realspektrum.cz;(+420) 608 924 294
"RS Magnum";rsmagnum.cb@realspektrum.cz;(+420) 775 302 223
"RS Magnum a.s.";rsmagnum@realspektrum.cz;(+420) 222 561 143
"RS Reality";info@realitymorava.cz;(+420) 777 777 999
"RSH - realitní společnost, a.s.";;
"RSH - realitní společnost, a.s.";;(+420) 545 213 984
"RSH BEROUN, s.r.o.";info@rshberoun.cz;(+420) 311 516 117
"RUBIKO, úvěry bydlení investice, s.r.o.";info@rubiko.cz;(+420) 800 737 387
"RUSSEGGER REAL s.r.o.";info@russegger.cz;(+420) 733 525 123
"Rypak corporation s.r.o.";rypak.corporation@gmail.com;(+420) 774 322 407
"S + R reality s.r.o.";info@sr-reality.cz;(+420) 469 621 882
SATPO;prodej@satpo.cz;(+420) 296 336 900
"SBK reality s.r.o.";kuderova.vera@seznam.cz;(+420) 602 705 646
"Schmidt reality s.r.o.";info@schmidt-reality.cz;(+420) 601 250 350
"Schmidt reality s.r.o.";hodonin@schmidt-reality.cz;(+420) 724 985 666
"Schmidt reality s.r.o.";kyjov@schmidt-reality.cz;(+420) 604 914 166
"Schmidt reality s.r.o.";pohorelice@schmidt-reality.cz;(+420) 775 349 869
"Schmidt reality s.r.o.";hustopece@schmit-reality.cz;(+420) 608 362 275
"Schmidt reality s.r.o.";mikulov@schmidt-reality.cz;(+420) 734 152 570
"Schmidt reality s.r.o.";info@schmidt-reality.cz;(+420) 604 914 166
"Semiramis BBP CZ, s.r.o.";elenb@seznam.cz;(+420) 774 501 523
"Servis bydlení s.r.o.";reality@servisbydleni.cz;(+420) 777 300 463
"servisia s.r.o.";info@servisia.cz;(+420) 602 232 109
"SFF Czech s.r.o.";simona.mockova@sffczech.cz;(+420) 604 274 607
"SIJAN reality";info@sijan.cz;(+420) 739 248 596
"SIKA Reality";info@sikareality.cz;(+420) 415 658 698
"Skutecká reality";info@realitykuchtickova.cz;(+420) 777 674 744
"Slezské reality";koval@slezskereality.cz;(+420) 599 097 155
"Sluneční reality";info@slunecnireality.cz;(+420) 603 390 202
"SMD REALITY";smdreality@email.cz;(+420) 607 202 656
"SOCCER REALITY s.r.o.";info@soccer-reality.cz;(+420) 777 276 667
"Sochorova stavební s.r.o.";info@bydlenisantova.cz;(+420) 724 972 272
"Somos real";somos-real@somos-real.cz;(+420) 602 110 736
"SORENT - CB,s.r.o.";romana.kolarova@sorent.cz;(+420) 777 235 528
"SORETA Group, a.s.";soreta@soreta.cz;(+420) 381 251 716
"SOS Realitní kancelář s.r.o.";petr.spila@sosreality.cz;(+420) 541 219 532
"Soňa Kloser Mančíková reality s.r.o.";sonamancikova1@gmail.com;(+420) 724 591 943
"SPA Reality KV s.r.o.";office@reality-czech.cz;(+420) 604 880 596
"SPOKOJENÝ ZÁKAZNÍK, a.s.";info@spokojenyzakaznik.cz;(+420) 774 154 751
"SSKA-Reality, s.r.o.";info@sskareality.cz;(+420) 602 532 539
"STAFOS – REAL, s.r.o.";srajer.stafosreal@seznam.cz;(+420) 585 229 856
STAIKA;obchod@staika.cz;(+420) 494 535 454
"StaLe reality";stancikova@stalereality.cz;(+420) 737 856 555
"STAVOKOMBINÁT INVEST, s.r.o.";korinkova@stavokombinat.cz;(+420) 721 223 934
"Stela reality";kamakova@stelareality.cz;(+420) 739 248 639
"Sterling reality s.r.o.";info@sterlingreality.cz;(+420) 775 300 465
"Stone Reality CZ s.r.o.";info@stonereal.cz;(+420) 606 618 386
"Student program";info@studentprogram.cz;(+420) 603 146 967
"STX, s.r.o.";reality@stx.sk;(+420) 918 396 974
"Sun Power Czech, s.r.o.";776376516@seznam.cz;(+420) 776 376 516
"SUPRA REALITY";josef.kordik@hotmail.sk;(+420) 475 532 532
"Surovec & Partners | Real estate s.r.o.";kancelar@tomassurovec.cz;(+420) 731 765 724
"Svoboda & partneři s.r.o.";info@svobodapartneri.cz;(+420) 777 346 813
"Svoboda bydlení s.r.o.";jirka@svoboda-bydleni.cz;(+420) 737 211 374
"Svět nemovitostí, s.r.o.";vasutova@svetnemovitosti.cz;(+420) 720 162 575
"Síť Realit.cz";info@sitrealit.cz;(+420) 604 777 744
"T.S.reality, s.r.o.";scheiner@tsreality.cz;(+420) 732 932 475
"TAMARIN REALITY, s.r.o.";tamarinreality@tamarin.cz;(+420) 731 467 642
"Tamino reality";pribyl@tamino.cz;(+420) 605 905 849
"TANA realitní kancelář";;(+420) 606 096 534
"Tana realitní kancelář";tana@tana.cz;(+420) 728 451 040
"TANA realitní kancelář";trutnov@tana.cz;(+420) 606 096 534
"TB REALITY";info@tbreality.cz;(+420) 776 406 306
"TD REAL s.r.o.";info@tdreal.cz;
"Team realitních makléřů";info@team-rm.cz;(+420) 728 553 145
"Tekovská realitná kancelária Ing. Fogadová";fogadova@tekovska.sk;(+420) 905 980 997
"TeMi CZ realitní společnost";info@temireal.cz;(+420) 519 322 706
"Top domov s.r.o.";info@topdomov.cz;(+420) 604 113 114
"TOTU reality s.r.o.";tucekmarian@totureality.cz;(+420) 602 488 122
"TPM Real-makleri";info@realmakleri.cz;(+420) 775 107 526
"Tradepol Holding, s.r.o.";roman.zavodsky@gmail.com;
"Trigema a.s.";prodej@trigema.cz;(+420) 227 355 277
"Tvé reality";velek@tvereality.cz;(+420) 724 518 942
"TY Reality, s.r.o.";tyreality@volny.cz;(+420) 607 273 079
"Třeboňská realitní s.r.o.";info@trebonskarealitni.cz;(+420) 602 232 109
"UH Panorama";firma@uhpanorama.cz;(+420) 572 551 827
"UNIREAL Plus, s.r.o.";jana.smetiva@unireal-praha.cz;(+420) 224 941 837
"VABYT, s.r.o.";vabyt@tiscali.cz;(+420) 777 745 575
"VAMAREAL, s.r.o.";vamareal@seznam.cz;(+420) 602 666 508
"Vanelia s.r.o";martin.svoboda@century21.cz;(+420) 734 799 322
"Vaša realitka s.r.o.";jurkovcova@vasarealitka.com;(+420) 907 457 878
"Vaše realitka BDP s.r.o.";info@vaserealitka.eu;(+420) 605 543 750
"VESSAN Reality, s.r.o.";info@vessan.cz;(+420) 224 152 141
"Virtuální realitní kancelář- ComSTAR spol. s r.o.";info@vrkcz.cz;(+420) 777 253 993
"Viva Reality, s.r.o.";info@vivareality.cz;(+420) 220 190 991
"VJGROUP, s.r.o.";vjgreality@seznam.cz;(+420) 777 270 696
"VK - reality";kvetlipovy@seznam.cz;(+420) 608 202 242
"VKT Consulting s.r.o.";vidlakova@vktconsulting.cz;(+420) 774 441 469
"Vlastní bydlení 22, s.r.o.";real@vlastnibydleni22.cz;(+420) 603 548 968
"VLTAVSKÁ ESTATE s.r.o.";info@vltavskaestate.com;(+420) 233 342 608
"VMI Reality s.r.o.";info@vmireality.cz;(+420) 596 136 891
"VNB Reality";info@vnb-reality.cz;(+420) 774 421 818
"Vodehnal reality s.r.o.";info@vodehnalreality.cz;(+420) 608 136 975
"Váš Konzultant Reality s.r.o.";reality@vaskonzultant.cz;(+420) 778 424 041
"VČRF Reality";info@vcrfreality.cz;(+420) 605 440 140
"Věra Valisková";vera@veravaliskova.cz;(+420) 776 191 917
"WikyFin s.r.o.";reality@wikyfin.cz;(+420) 608 776 618
Yetodoma;info@yetodoma.cz;(+420) 604 899 699
"ZAPA reality";rkzapa@volny.cz;(+420) 257 325 117
"Znalecká a poradenská kancelář s.r.o.";lubos.brambora@zapk.cz;(+420) 778 747 356
"Znojmo reality";info@znojmoreality.cz;(+420) 603 304 327
"ZORESTA, s.r.o.";info@zoresta.cz;(+420) 572 540 056
"Zprobas s.r.o.";adam@zprobas.cz;(+420) 733 373 133
"Česko-Reality s.r.o.";info@cesko-reality.cz;(+420) 602 389 094
"Česká Společnost Realitní s.r.o.";juraexalto@csrealitni.cz;(+420) 604 946 831
"Česká Společnost Realitní s.r.o.";nemovitosti@csrealitni.cz;(+420) 778 540 540
"Česká Společnost Realitní s.r.o.";dagmarjanska@csrealitni.cz;(+420) 605 292 425
"Česká Společnost Realitní s.r.o.";aldamar@csrealitni.cz;(+420) 725 314 599
"Česká Společnost Realitní s.r.o.";mkriska@csrealitni.cz;(+420) 603 140 555
"Česká Společnost Realitní s.r.o.";;(+420) 608 445 005
"Česká Společnost Realitní s.r.o.";;(+420) 720 620 320
"Česká Společnost Realitní s.r.o.";krejnartova@gmail.com;(+420) 777 661 257
"Česká Společnost Realitní s.r.o.";pasn@csrealitni.cz;(+420) 226 254 595
"ČESKÉ REALITNÍ SLUŽBY s.r.o.";radomir.mikesz@crsreality.cz;(+420) 596 811 052
ČESKÉ-REALITY;ceskereality@csreal.cz;(+420) 777 556 156
"Český institut nemovitostí s.r.o.";sejkorova@s-fg.cz;(+420) 732 606 082
"ŠEJKO, s.r.o.";info@sejko.eu;(+420) 224 247 019
"Šumava reality";info@sumavareality.cz;(+420) 376 522 042
